reps,variety,Yield,id,CV160323,CV160328,CV160329,CV160331,CV160414,CV160419,CV160421,CV160425,CV160504,CV160510,CV160512,CV160516,CV160523,CV160524,CV160525,CV160609,CV160616,CV160622
3,Shorouq,24.800000000000000,1,0.054890734516937,0.528109552274438,0.084854682528025,-1.217624796875180,0.664773369323689,1.110887312809920,1.158229278954080,1.254458463850740,1.291774872090150,1.059529868804230,1.251733015139880,1.212648436160610,1.204039238342100,1.297570397038310,1.340884954408230,1.238682050827150,0.931881886994151,1.018706221795880
3,Mykonos,36.200000000000000,2,-0.015135099376151,0.315367643620068,-0.126415744560030,-1.670105701960340,0.269896890184028,0.788292878948695,0.835833367773338,0.935803748116213,0.942608797574757,0.859067208074662,0.955216378232652,0.922236953389145,0.802119852485354,0.948494482617218,0.857484580335148,0.630742620588175,0.620468805588092,0.782761327604149
3,Rio Grande,10.800000000000000,3,0.056418325486071,0.355411462211299,-0.040583598386628,-1.531214748807320,0.324444904595210,0.805502842552959,0.813758892276804,0.836444416463499,0.977629998628218,0.757554701992859,0.930641580060292,0.892701052348099,0.791251838996107,0.885646850457411,0.844500433960993,0.558831217538244,0.443328543177081,0.839379619740951
3,Tam Hot-Ty,17.800000000000000,4,0.044782289424310,0.384239795516777,-0.048572703721281,-1.502273695494690,0.351656256058130,0.750741548030838,0.829032199811314,0.858060193865757,1.170443040879560,0.856771772127972,1.176558556347080,0.996129799748703,0.872918199022082,0.876824699128033,0.890991264734100,0.647963301035324,0.586525208715809,0.990685104421331
3,Rio Grande,38.799999999999900,5,0.136241532797335,0.433187694736080,-0.011628684622365,-1.515632152043580,0.357695566481016,0.697095397397221,0.727146676017782,0.854292275399441,0.953532051564849,0.837456381967963,1.015862265549400,0.952454591461450,0.860511611958692,0.904542654244269,0.912988311724635,0.627151054397388,0.581770951311034,0.716500166198303
3,SV8579TE,36.399999999999900,6,0.081917030266809,0.524567410086217,0.071132505730715,-1.362479985911600,0.861514069723654,1.126473795270280,1.166833523063770,1.253085066262670,1.425663496901080,1.314828490221830,1.583958604479020,1.343548150091350,1.291404315329310,1.350329758409220,1.429548291205830,1.459384745504340,0.989961173688687,1.083098910286730
3,Rio Grande,1.400000000000000,7,-0.017492625160251,0.333083924381641,-0.114121657906348,-1.466644515476290,0.475473253823878,0.711994055790004,0.735616556605475,0.743475302247890,0.882421284557549,0.612236783708259,0.944842595172443,0.721538198058554,0.666625514052126,0.668779313395635,0.760211461427225,0.580355787769698,0.348157444008425,0.675740934803267
3,Prunus,33.399999999999900,8,0.011309371096214,0.323936286977118,-0.066705093779452,-1.528258989185540,0.655449739919764,1.104201333420870,1.361863325675350,1.613604485464260,1.685157918604620,1.517116995103690,1.791192598082550,1.344937180660310,1.237599053189730,1.231557953157310,1.309273647802710,0.918417993741653,0.664539477012537,0.817944104641759
3,Seri,27.199999999999900,9,0.106759177836238,0.420139859011770,-0.010235689508370,-1.261731729385780,0.787697476687171,1.211853532492590,1.398194377067740,1.427192368037990,1.670949554035270,1.432524123787790,1.686136902365680,1.546811042242050,1.471016772723300,1.461442010330050,1.568055940404050,1.227242576294240,1.053006319519270,1.387459496152320
3,SV8579TE,17.399999999999900,10,0.003786669016797,0.314683206378963,-0.136508151072023,-1.473030115988780,0.554787016565054,0.901629106848840,1.032532299065870,1.018645911062530,1.216617438495030,0.946665011388288,1.244792625624050,1.124507279003840,1.034748732755720,1.058963452623410,1.116082116873930,0.781985154028968,0.732680019590396,0.983133535470808
3,Seri,41.200000000000000,11,0.116495024134690,0.386704702878391,-0.049636609948819,-1.294362492800990,0.641616644709569,1.094462280775710,1.188774404321760,1.326557519924280,1.483279594197440,1.412332710508100,1.570261166722880,1.349196410822270,1.233276830782290,1.359339917395020,1.429133914218730,1.075092438760280,0.958710551291494,1.163167439047240
3,Prunus,15.800000000000000,12,0.005577881951444,0.420932442200613,-0.043611463912163,-1.502636526843230,0.978235986526329,1.258426899350920,1.400951058934110,1.582235066761850,2.100123111537280,1.677606524321130,2.100208894953590,1.636399063983240,1.680954136110230,1.670293341425020,1.797138899950020,1.950370322185680,1.197813348892490,1.223190458892650
3,Rio Grande,35.000000000000000,13,0.049690412971099,0.439302858831754,-0.043097518297335,-1.275670788174080,0.956900427765596,1.231096837340340,1.411331148511970,1.611855481963710,2.084539094674540,1.746865811120850,2.179292658038720,1.812888069690400,1.900599748464780,1.768759522225640,1.890759514064370,1.647130280507490,1.027890155048140,1.196077595148830
3,Tam Hot-Ty,28.600000000000000,14,0.105825664705851,0.330144290420684,-0.110252831363704,-1.429883329470330,0.473379007742252,0.700361619683806,0.769899531127340,0.806339801198190,0.954216654378639,0.776904657120498,1.014972335111580,0.834703657989504,0.733472041244426,0.826403800291168,0.908362648398248,0.617272975272562,0.508644902967361,0.815175234457834
3,Prunus,17.000000000000000,15,0.024155362063318,0.390885146346273,-0.043023937305465,-1.505704749060980,0.794374080067925,1.149951887223180,1.281132423796470,1.278418113256840,1.586157783164250,1.386945690483210,1.793308019183660,1.573021227529190,1.417534992223400,1.368935213346810,1.496163298834130,1.288884630887090,1.059301546879770,1.279214619583060
3,Mykonos,35.200000000000000,16,0.047095059324994,0.373531670705714,-0.053856338880576,-1.361356883473270,0.981715606508837,1.122791539191130,1.359254076772660,1.385977435564160,1.664933397257980,1.367461127515450,1.667824748890170,1.411509195111010,1.322399170581520,1.212176455788000,1.371500084177260,0.881284427760074,0.726257305162357,1.104910358479990
3,Rio Grande,41.600000000000000,17,0.049825011314984,0.268698694831169,-0.170156715149882,-1.365077215923850,0.609118910618461,1.008760895634130,1.181412128550880,1.369437869003980,2.218518387875560,1.879820807806260,2.125424861430560,1.661793615385410,1.607772782675390,1.513248160570410,1.699199656678840,1.032016735028110,0.749190544820743,0.895641574659498
3,Seri,24.800000000000000,18,0.112925533938305,0.408195156647317,-0.042296388387252,-1.249661663872700,0.990057760925150,1.176959235007200,1.329211804491640,1.519668873380310,1.809469845537340,1.550343176669380,1.969836006483210,1.820332758101350,1.974526582419830,1.805142737025820,2.015597475822040,1.549422636404920,1.226157060792810,1.419632126050300
3,Tam Hot-Ty,22.000000000000000,19,0.077091849269870,0.393267012482616,-0.064558334769154,-1.328993257781230,0.857685196889240,0.866372902686921,0.972219390408172,0.970337466392344,1.107019143044880,0.794291594523323,1.137138266683460,0.957863669976609,1.039826736728420,0.852062901232602,1.057302397618630,0.920183102259154,0.652070785239904,0.987651853238370
3,Shorouq,37.700000000000000,20,0.046882552457355,0.308148154352946,-0.101067176698303,-1.420989495110800,0.798573833482829,1.085427379144740,1.225124418341760,1.313944896509590,1.516473665369050,1.382740095727290,1.659716270195330,1.348584805405490,1.327647873982820,1.265439111078830,1.406104583026830,0.846147700951186,0.718885771637247,0.836680678859913
3,DRP-8551,22.800000000000000,21,0.014398351372243,0.333820400410838,-0.066107242419240,-1.378437825766530,0.937444443156044,1.068156360255410,1.349570385575040,1.306636089999180,1.561960509183610,1.151761727632670,1.425507087548350,1.297038073954650,1.244455370410680,1.078621775111040,1.315928721353940,0.826994401429537,0.601920188244757,0.936244364170464
3,Rio Grande,11.199999999999900,22,-0.013101836804557,0.259469931717187,-0.208589509360695,-1.529567804996690,0.648493256751253,0.620933722711372,0.870847390542322,0.712486666909485,1.027265173295140,0.573196859421694,0.934254546887057,0.797486070594461,0.748715757014231,0.596947341828681,0.836242472224585,0.285824811003855,0.192630512771973,0.763066631879060
3,DRP-8551,63.399999999999900,23,0.068857272416904,0.318792160138576,-0.074611499283163,-1.628816444596110,0.741068182675619,1.005843010061650,1.180601538349700,1.262490801843060,1.703428494844920,1.504569825639420,1.877047401794550,1.565831174947260,1.538041031533230,1.385901055490400,1.672786565479480,1.195089193519980,1.102890208124220,1.176930575507270
3,Mykonos,24.000000000000000,24,0.107065237208991,0.391862750251583,-0.072146298765077,-1.409479729352930,0.839919101431101,0.820715391974385,0.934775322687806,0.876541518957971,1.078787964806280,0.826691684053179,1.125879527543390,0.949168356973896,1.042684849231490,0.848765405712834,1.037643693567130,0.982023949241357,0.617339882499986,0.825432956003154
3,DRP-8551,9.400000000000000,25,0.047050986553246,0.307551007817288,-0.147574943939342,-1.472061485038660,0.892491264319074,0.735939369235436,0.889579360165970,0.757832270283831,0.887362684927289,0.661857257363208,0.982442793777438,0.823942802024123,0.930732275286594,0.753587570184333,0.945320477346247,0.774116011369365,0.353450925545164,0.862041250834975
3,SV8579TE,52.000000000000000,26,0.027609889152107,0.210210691437192,-0.250396265045040,-1.735121324472890,0.459923542933881,0.720423111030115,0.881497881158469,0.938861562564751,1.170804310652560,0.889501402397016,1.274591013306770,1.080716734771460,1.088495660837610,0.876133321730481,1.148546028148060,0.807991884367323,0.797653237163967,0.827503511069444
3,Shorouq,23.600000000000000,27,-0.013528823839442,0.286386637205002,-0.174943134043749,-1.595900707806720,0.922659780377495,0.846943746416921,1.202587473649280,1.091627390139060,1.543098675092510,1.356883683924760,1.748760845446810,1.623726589472660,1.659812077974580,1.484350856034350,1.736588686363900,1.088854151534900,0.770034382617990,1.020305915655270
2,Seri,37.600000000000000,28,0.043412354835161,0.283970649619651,-0.128811719900115,-1.627084917337140,1.057046184094990,0.979559097332017,1.275848897106830,1.199839216902430,1.481498108088490,1.128905566745660,1.520099910051460,1.293542813663710,1.265318280083560,1.116308221104890,1.334470542429690,0.942547289940787,0.878791472437692,1.082370041294190
2,Rio Grande,39.399999999999900,29,0.089301557924824,0.261215313502324,-0.168792200127016,-1.607589422136330,0.942987656037814,1.161232744560270,1.370268555737780,1.569968071319090,1.679896143076050,1.325799925473890,1.796658488889820,1.452293054705050,1.496688752120600,1.284028409337270,1.657810959232090,1.212846215216170,0.815893756157751,0.938470239728336
2,Seri,59.200000000000000,30,0.023122730153936,0.264254114658866,-0.181250757491728,-1.349588832901080,1.217413546533040,1.091569034821310,1.286978563354060,1.308439179672630,2.064570804506660,1.733784951383350,2.171630971495560,1.504614762294290,1.748314185624270,1.533056967196950,1.816680151589470,1.500945526425110,1.153876368376040,1.426967802524520
2,Tam Hot-Ty,1.200000000000000,31,0.090590260157118,0.255983311006690,-0.206756839787068,-1.391707962791930,0.978866160236616,0.692806848746906,0.869341351348825,0.768220271801777,1.070988070068650,0.687479997845598,1.134800104660050,0.808352251020417,0.954098430352273,0.824204862046776,1.126003773345490,0.997518025805524,0.652479908050304,0.871010313314314
2,SV8579TE,48.399999999999900,32,0.163663177615156,0.328523607035198,-0.078487179551840,-1.421133052518780,0.747866535106914,0.878516899718920,1.003997798611310,1.033060519186580,1.191115020128920,0.999597704879514,1.411074269789010,1.204922632587170,1.209961681259910,0.991754995971542,1.262182359546940,1.037815860042220,0.926450861645945,1.014668873540370
2,Mykonos,20.800000000000000,33,0.049011233418587,0.296008891667360,-0.120644702137704,-1.623472058865970,1.032021290439690,0.827936548026047,1.111844605963620,0.951635853970924,1.207407484884630,0.827031804989982,1.207476835704580,0.988468052909778,1.004451333429340,0.859165514121985,1.055185896356660,0.571026886078011,0.434145126556513,0.863418839276295
2,SV8579TE,20.800000000000000,34,0.086863700139531,0.307966244615264,-0.101706687873786,-1.446040100915780,0.889900502223643,0.581248049046037,0.863439579055092,0.812327324561100,1.281306318331930,0.916070614665624,1.290632806539540,0.941547410716403,0.957700329645888,0.801351359022870,1.047396134481660,0.626633437741885,0.625310242122256,0.948995114717188
2,Seri,60.600000000000000,35,0.059014002584344,0.258906954828800,-0.165404510990562,-1.339141436676640,0.851426570971568,0.897118902751083,1.068290069541610,1.057378348989810,1.262879634872460,1.060123238565030,1.412229575577540,1.173389443745560,1.138300932349330,1.015245494077140,1.218444988271600,0.793016040332222,0.727563649034909,0.949053972050050
2,DRP-8551,32.799999999999900,36,0.065194035402721,0.257824927926421,-0.166448589619240,-1.337172925888320,1.071362443186050,0.899838528704733,1.099049001258080,1.163130331316430,1.642151509095560,1.336506158485730,1.794978781209160,1.388597169685760,1.483652356864330,1.305370871229910,1.578418414889470,1.491442233787430,1.029342589943010,1.136911478927130
2,Rio Grande,17.399999999999900,37,0.155774019918941,0.376219200001327,-0.045417624327454,-1.226955002118040,1.367458583926540,1.185900587264560,1.430987641868390,1.395137415054600,1.786029891381850,1.414989862306030,1.767059379490760,1.430089047199040,1.505847169381100,1.337962794846960,1.591893552585650,1.329292672798640,0.934879665329056,1.227853408816040
2,Shorouq,54.799999999999900,38,0.044072797093224,0.251650955377551,-0.156676049854700,-1.319309745891860,1.079299808725510,1.034800346809400,1.255193392158120,1.237436716102380,1.596340873044560,1.435112498093800,1.802027222831350,1.431525464496490,1.469188302508300,1.328487474606920,1.608813006476430,1.049620113508660,0.882064189333870,1.032774599866530
2,Tam Hot-Ty,19.800000000000000,39,0.020654442519694,0.241932313883043,-0.155347337241446,-1.399744316457140,1.051299320617680,0.780199163211527,1.053934229553740,0.986540459731277,1.239453543461650,0.952404396149263,1.232068011607010,1.052537584802390,1.087832179490300,0.936573878904305,1.222826140419570,0.756709924771970,0.663470679923752,0.973400560992470
2,DRP-8551,36.799999999999900,40,0.031212588713648,0.256549111144839,-0.126630867420411,-1.396046384834330,1.222815291920730,0.960021483185051,1.246992033379090,1.281564907089510,1.687022789405510,1.453776140493890,1.868841041181590,1.580038356707800,1.611842811635060,1.441895965269570,1.700500796768150,1.067002095629720,0.914053789840451,1.184456755399190
2,Rio Grande,29.199999999999900,41,-0.002088290475175,0.157526926605645,-0.260552837283937,-1.487186240473660,0.880399550401993,0.721449528676354,0.848503364268158,0.811606900377170,1.139587461532490,1.073683577822690,1.357630093595500,1.200862530511250,1.256402957640380,1.169344091480350,1.473540976141520,0.819223350346951,0.700968214786391,0.900121062431365
2,Mykonos,33.799999999999900,42,0.010844845506144,0.252096665162090,-0.162204201945350,-1.387365733562360,1.277717978738880,1.057563143139820,1.248764237665350,1.205781558316580,1.559439747018940,1.185190837940380,1.617324775042950,1.257685622456900,1.309831990762030,1.215980661435610,1.497303335763880,1.289671323955710,0.799408802947408,1.096629083562950
2,Shorouq,40.200000000000000,43,0.030676630884658,0.301162745791683,-0.104032049475166,-1.241527822619570,1.399778031551990,1.127449829896730,1.346215455285780,1.351974795618620,1.705540774200440,1.330470779247080,1.719257388312900,1.376488292397340,1.439455754288640,1.273691919458130,1.521039948688660,1.269964986429620,0.915743183595681,1.223175082485030
2,Tam Hot-Ty,50.200000000000000,44,0.022157136120249,0.163214686032798,-0.258584933874705,-1.461905086239200,0.752019841998871,0.579626750013752,0.772435772098730,0.677563582775021,1.019585961520430,0.876009281963725,1.180583982888540,1.023903999774860,1.074234756463730,0.922351428577489,1.207105768617060,0.841265519995718,0.752895769048513,1.068897236096840
2,Prunus,0.600000000000000,45,0.036420623628171,0.234780706026964,-0.075853573942643,-1.257599479431380,0.816049582641487,0.371740627695065,0.587452051828191,0.356709509618456,0.608643539074660,0.293245931317404,0.655001789601791,0.481743904852658,0.441947981743434,0.328363503127961,0.517792495112312,0.197061222054088,0.213821994902128,0.713250218128189
2,Rio Grande,3.800000000000000,46,0.020792362282859,0.221680191061887,-0.122025477168967,-1.273218599225320,1.119622639142130,0.885502775206889,1.106877099798130,0.878221735962400,1.073668359288040,0.766199102096552,1.059433318604440,0.883896604224786,0.902117439078765,0.686934971084917,0.914944589824736,0.481386246162071,0.367264902603816,0.836301041710806
2,Prunus,7.400000000000000,47,0.093216747281329,0.192152076671347,-0.195591012973938,-1.345053527510070,0.967749414104850,0.926986009632086,1.150413703957660,1.112853517171270,1.667928849144910,1.353173869366330,1.760477058404750,1.655198488952550,1.605589178974220,1.413396191573410,1.705238973651220,1.194027487048430,1.010352876441030,1.090692157488460
2,SV8579TE,33.799999999999900,48,0.023052735346106,0.283789312418910,-0.126604683881431,-1.161924550053860,1.176405978594250,0.859453234417019,0.992795240313962,0.920450296827749,1.163816603416210,0.925758639530505,1.233442210803700,1.070174086703360,1.072624144150530,0.903203414473076,1.099732288211820,0.965410980073067,0.738214780505726,0.943620393983901
2,Rio Grande,22.399999999999900,49,0.039978686790492,0.254864351089969,-0.149472806250806,-1.051910763597850,1.166070285583360,0.958806435919369,1.143515490399820,1.085632837517280,1.440001786263150,1.074826809557750,1.355020841654860,1.175799699956900,1.205925945242690,1.049252393077480,1.282845070745100,1.125276373365650,0.932239825661659,0.932046457848838
2,Mykonos,31.600000000000000,50,0.110749537235265,0.287849607111046,-0.112029564023259,-1.072846170712220,0.996407774710823,0.857936207227748,0.984569905301392,0.892111477870616,1.085411238921740,0.925823901555192,1.140363487982830,1.039541660792570,0.973190906426032,0.828307526465791,1.094984034511550,0.571633496463289,0.492207164471075,0.739070925323287
2,Shorouq,24.399999999999900,51,0.111667207243962,0.380506726864333,0.014979788365651,-1.028988302694930,1.314672836895890,0.992239943318907,1.255709970881060,1.055274707428360,1.299371330739320,0.996304921845649,1.284659675027670,1.198738421366660,1.195878301733250,1.021931005988350,1.223701651204170,0.783451400105865,0.635895993029323,1.038103989682240
2,Rio Grande,8.800000000000000,52,0.080586462703124,0.321356453778789,-0.032429468413765,-0.944116330224194,1.053606166776650,0.774225911963665,0.989302446332826,0.776524716300262,0.982537677764652,0.756417176253558,1.069889627718620,0.846764428872965,0.878128501108721,0.737495238030651,0.898779610765286,0.706320800057602,0.500966135196347,0.976766655101703
2,DRP-8551,40.000000000000000,53,0.081242289733234,0.248823744595023,-0.139951663342913,-1.032345571066700,1.045918333187080,0.988894245783669,1.172159633990250,1.107150112663710,1.355138743537080,1.069110982634440,1.373777464062210,1.138214096889630,1.035194791570500,0.901333255094732,1.194269287987260,0.882829517406277,0.817362803483064,0.964080308303229
2,Prunus,24.800000000000000,54,0.150687049047502,0.374180006717650,-0.005379335810871,-0.908601816197198,1.380425618780510,1.205606578970430,1.414602957096230,1.414151882014400,1.737411643427490,1.445484526527050,1.845776063660940,1.509797254580870,1.552447108970860,1.415018745157330,1.681272433172540,1.608698134149740,1.207283906700870,1.216525367494320
1,SV8579TE,36.399999999999900,55,0.122021320292940,0.313473895167102,-0.089598333752259,-0.876957136347892,1.227564259142710,1.076677610064900,1.302642065136550,1.185173695086570,1.584945221173600,1.271432039211640,1.693515333540250,1.371873878535020,1.435070373833580,1.257207963373900,1.537481963723560,1.411701690867950,0.892428271172513,1.213500098346450
1,Tam Hot-Ty,46.399999999999900,56,0.058419726812180,0.167847297852444,-0.236622145597759,-1.068694663943670,0.786490384509590,0.702308036376668,0.868679713132006,0.743486384144529,0.969473383326251,0.771945965415724,1.133374105443930,0.844153674335273,0.834093662691582,0.699023950658836,0.982653518569961,0.769431451389798,0.643096668596417,0.885716979950163
1,DRP-8551,43.600000000000000,57,0.061738267609346,0.231511688788913,-0.119734611008474,-1.001063378857790,0.998427375927104,0.968946235555067,1.294747237190920,1.228642349050500,1.583086972167190,1.477845008597440,1.755468847785960,1.482221838667780,1.453479879340800,1.273356473975950,1.584883888005890,1.234675469695570,0.971871358305516,1.235640635039860
1,Seri,11.800000000000000,58,0.040211139070566,0.275676662603032,-0.095360431747722,-0.797799032085428,0.912826756896952,0.827734180861398,1.011721630622700,0.841720363625929,1.131056346658220,1.018355059966070,1.298146168398060,1.152922931143160,1.156041346951080,1.057795889777050,1.335255880992390,0.861090739141105,0.607496746201543,0.911151279919725
1,Shorouq,37.200000000000000,59,0.011377910369287,0.186768082414294,-0.216313595721363,-0.964157254685300,0.866235057226613,0.905452647937759,1.043461590011110,0.969546442777189,1.423794049312210,1.309889891926260,1.691169235549730,1.374079970796980,1.436326634036740,1.278706478062910,1.562430893865200,1.159684177769890,0.960949737423551,1.149798146924360
1,DRP-8551,41.600000000000000,60,0.072875896466411,0.307024457861483,-0.086113604807843,-0.780848843802620,1.124101577310280,1.019007156295470,1.192388479817770,1.139707961603780,1.477576768820910,1.172121832990140,1.529753563252230,1.229937175434110,1.235411453603550,1.137010865035080,1.380714699956120,1.186471865560490,0.881597196548859,1.104950056995180
1,Seri,32.399999999999900,61,0.069236823018873,0.273425251637646,-0.084351098345673,-0.675948194840261,1.118369043808230,1.123879784983090,1.393169236074520,1.346313688243380,1.725736799215760,1.495003802729930,1.760687904244210,1.332631332170240,1.345618318867940,1.270210542891390,1.484224678993000,1.480538672683000,1.116241820119320,1.204993088749710
1,Torero,23.600000000000000,62,0.015601397918590,0.136737526794088,-0.218290618718216,-0.973664761609951,0.804039177175611,0.886270976783142,1.104450548035850,1.025691688148330,1.288732019627690,1.171625988649330,1.376711047878590,1.126169446690550,1.121821084654730,0.983759648759707,1.159042115868310,0.912235628474660,0.849840069432917,1.106870016784070
1,Prunus,8.699999999999990,63,0.045428857032648,0.253459229323248,-0.071349928885995,-0.795351504206913,0.738405107734523,0.587834995498417,0.806657821046780,0.514830053573345,0.725093716373161,0.486245693094556,0.775322808104617,0.650943647290001,0.531284976414410,0.519209017060887,0.682362782167340,0.368311757451218,0.311039250646702,0.863639842127434
1,Shorouq,30.399999999999900,64,0.048145980764815,0.258251359866364,-0.085214173782636,-0.772195399885092,0.862239440741841,0.839427322945099,1.153970039914040,0.990608458656289,1.408431375789730,1.348194537999650,1.612696739255090,1.436967058393110,1.485872889377400,1.387079546130400,1.639249780591690,1.282253600162750,0.985016976919799,1.220516507663180
1,SV8579TE,50.399999999999900,65,0.055192003659631,0.159331243912126,-0.189979273271757,-0.761901867464250,0.626540707934561,0.758294126956716,0.908613818743550,0.796588071254337,1.167669290864040,1.131056566441800,1.377502296781980,1.197128735834980,1.222261262198270,1.053952766517240,1.279667729963100,1.088573647768050,0.950618191130184,1.142677364154450
1,Rio Grande,14.199999999999900,66,0.028335196845928,0.151246892318769,-0.196449528242816,-0.600045897168946,0.790089142538762,0.735741102545600,0.909750463661541,0.694162656944958,0.899791899356011,0.726883412614974,1.006591466894960,0.738326693551922,0.723174405107089,0.699396736459981,0.824599070805370,0.945086011657475,0.363072670468738,0.720277261847994
1,Prunus,31.600000000000000,67,0.063188304886584,0.254525212046303,-0.064814864434823,-0.262994434684543,1.127687206873460,1.383204059374980,1.573282547433270,1.572651359180090,1.928587522146060,1.670643512117490,1.921364332163730,1.526152714968080,1.556785792331720,1.527039998610610,1.695275930717630,1.417782852280840,0.906140057003396,1.119287083360150
1,Mykonos,43.600000000000000,68,0.014893108877846,0.088824301144444,-0.244470122263637,-0.632815152876268,0.481205053303460,0.643739895404412,0.846190504501996,0.758165001769880,0.956928687394167,0.855121208881882,1.049141798356630,0.879205193172199,0.865539411693253,0.778455765720443,0.952366568375917,0.620170639227913,0.523881891510722,0.748277789662739
1,Torero,3.000000000000000,69,0.064443316196202,0.223310215416773,-0.092150722408548,-0.467528291171647,0.726191937444998,0.642795503517715,0.912606979252679,0.588782338720288,0.776164746228858,0.577487284050190,0.804462948437530,0.683257941903658,0.580824442786214,0.592478180603093,0.720085256122699,0.424867706419553,0.349275199908381,0.801675541789509
1,SV8579TE,9.400000000000000,70,0.091982595015831,0.276983669502907,-0.007665410501253,-0.322120532580775,0.623389359794204,0.607660039565489,0.850304104642300,0.611171040161162,0.794240296694022,0.671360025312879,0.838014818587428,0.682304610254553,0.652371899670632,0.594699702331890,0.738102056791226,0.538734500013857,0.385043832865343,0.806125475476047
1,Rio Grande,24.399999999999900,71,0.003557299187610,0.098861556525400,-0.222474205398549,-0.541324095937457,0.486780340696676,0.611160073061281,0.805345817198571,0.672731644261217,0.757162530646260,0.773771147443516,0.886675610130350,0.728080076721563,0.688437381682984,0.583771124598736,0.709607065225218,0.523640480341748,0.378407927723839,0.514998664198663
1,Tam Hot-Ty,20.000000000000000,72,0.116887717998273,0.266461045930387,-0.042933141903637,-0.094245003316720,1.155652892548320,0.739949910784639,0.979848317135043,0.780847173734534,1.059629727500400,0.885037629438187,1.134810555112030,0.864085197472121,0.843560129007659,0.851400958379690,1.020777114248810,1.572888375853770,0.951483253462835,0.943215894382919
1,Shorouq,35.000000000000000,73,0.224481652259224,0.379562286284987,0.125814109278336,0.251432025015041,2.023506390120430,1.159961674442570,1.472984504959300,1.346316271179660,1.617370888391770,1.482994768049560,1.821307539709380,1.311667777239680,1.403023169259590,1.380782720707330,1.642705129886540,1.894212148399720,1.103109268991880,1.157745719554010
1,DRP-8551,61.399999999999900,74,-0.023874385923449,0.100162606558150,-0.182172688440164,-0.471007446099365,0.455807759969942,0.755455267624178,0.988308420423285,0.866523170110329,1.198756379288340,1.253471198508080,1.312865742732690,1.236236336687320,1.204084753467540,1.093105615877850,1.342832936931730,0.838178152095605,0.732732779852286,0.845145800071554
1,Rio Grande,4.200000000000000,75,-0.006576301552565,0.178691482708216,-0.110297823724661,-0.344590072353122,0.380356119332153,0.399870804133972,0.646888031803578,0.327515164767120,0.617081175226251,0.407197941972478,0.472259955078863,0.390299837577186,0.339928362795856,0.336606594505257,0.423053183025385,0.135785535442591,0.133531281111020,0.541165533145423
1,Tam Hot-Ty,4.000000000000000,76,0.014574916428050,0.214684714175620,-0.055377514241227,-0.206731794612996,0.438115596256532,0.463134403833555,0.705697972816950,0.437835970167760,0.626763457769219,0.442194703055885,0.567993459807443,0.501266193805841,0.488127269265026,0.431615998437470,0.596969318688244,0.388257184773080,0.245031031365499,0.566604670773686
1,Prunus,39.600000000000000,77,0.037961505102070,0.157122298537438,-0.104109537899310,-0.354995248504145,0.275588268742882,0.756452081808014,0.932160222483963,0.866854741218665,0.975795272022962,1.067791518878940,1.015530371818030,0.939147644131392,0.864721465956426,0.841081932395934,0.948787476830740,0.808645786163365,0.650303070552652,0.674212010782329
1,Mykonos,14.600000000000000,78,0.044415911049820,0.165886233952885,-0.084907360254336,-0.006623977191133,0.956404982922554,0.572568716351341,0.769051843593057,0.593910834379131,0.760287744607922,0.654971990300071,0.948035945386198,0.566634277088121,0.549120560448352,0.619295099873165,0.755493056620192,1.272161780002480,0.400722076465568,0.553551315211565
1,Torero,16.600000000000000,79,0.014546307807914,0.138088600781487,-0.084789850591405,-0.136301026130632,0.699883980917883,0.645447564620665,0.923798611211963,0.786151381015350,0.898982705589803,0.892905396136474,1.061726240213680,0.758568953907431,0.699999634384378,0.751282828034397,0.864936058863092,0.991744367084860,0.624447829606567,0.634963788094757
1,Seri,44.799999999999900,80,0.183952711778050,0.315890018583921,0.110725389635549,0.067125260509143,0.707887789402662,1.080484836227910,1.275152565742210,1.208634792302020,1.329300808966020,1.451847054580160,1.431399170946310,1.309213665343430,1.274056082709680,1.278636485594540,1.372793236718390,1.012381103861470,0.749411019882551,0.931524838367892
1,Mykonos,4.800000000000000,81,0.082862565438420,0.253778864866814,0.010731577097115,0.002095274982974,0.331034513245947,0.453687812834447,0.688637438328457,0.484483748088970,0.663450812356589,0.508092281731246,0.570485463802159,0.567792720476537,0.529051317004212,0.494323933108755,0.738795678170842,0.514915693415369,0.249839050847601,0.601544888173889
3,Shorouq,39.399999999999900,82,-0.077917326962234,0.215803966933302,-0.009441751669030,-1.585558724390310,0.211033147433051,0.891411303440275,1.027081976087390,1.407486588066590,2.048127283684050,2.049224539753420,2.011686719387820,2.028180686390020,2.257616800470540,2.227078155047230,2.198734968309210,1.841518250082100,1.746419204724240,1.982223970125170
3,Mykonos,56.799999999999900,83,-0.060748564320013,0.124265258658926,-0.187309852527593,-1.822446526175180,-0.183151717613975,0.589826239523778,0.666865292623763,0.966093625168469,1.382395704396480,1.452547455385710,1.453469761286810,1.735420750559010,1.973133172700400,1.864742482967270,1.867186073214560,1.548146656081120,1.437453995020870,1.648993491321660
3,Rio Grande,3.600000000000000,84,-0.062096266400238,0.159328268764809,-0.118993296999827,-1.741159563735450,-0.165092439290866,0.262498522017290,0.318243729590636,0.337113261694179,0.370252475780240,0.234476697331384,0.374577159654702,0.464219792481685,0.358153209899014,0.484423592264008,0.494853140732346,0.387474117993066,0.403526716285556,0.814609857773908
3,Tam Hot-Ty,11.600000000000000,85,-0.015298441514213,0.208506751394806,-0.065350078607730,-1.668564698371960,0.150717343039032,0.484390533408731,0.569265790382824,0.565812619699555,0.619176803567941,0.483884384727161,0.647095968956720,0.681820299028732,0.557197748025424,0.576084283773230,0.698625614338238,0.582675321182487,0.520109193046004,0.923691395916635
3,Rio Grande,29.600000000000000,86,0.008327681594072,0.168694877450056,-0.138521560347680,-1.697643515078410,0.036987177683820,0.529923429708870,0.645205990050698,0.765944385691333,0.925153550120167,0.860461820201167,1.005170038481340,0.981286955437972,0.961514675258318,0.925369086162206,0.970167059599685,0.658637102123253,0.673727976106130,0.863484282500431
3,SV8579TE,44.799999999999900,87,0.121350977743324,0.341790043789940,0.097574584233574,-1.443154139366370,0.334692884349403,0.885615163854587,1.010460230546960,1.198280326775190,1.943649463879640,1.803937632414680,2.015631542187020,1.963196439452040,2.081344859641290,2.111452761591490,2.211890266520380,1.603535045897030,1.495938058281200,1.818202704128700
3,Rio Grande,17.000000000000000,88,0.001317979481166,0.164465973549961,-0.076737131959929,-1.569355731203650,0.245352779504286,0.674605383403582,0.812061718955818,0.973005711523591,1.625640458931480,1.555514886927830,1.640825649576670,1.583986427920380,1.568009262337430,1.624025260252090,1.649035991454370,1.349674466128350,1.325921649445120,1.547925268715190
3,Prunus,56.399999999999900,89,0.006162158465347,0.194900484024353,-0.128452980189949,-1.596204370176270,0.239279754841289,0.844876464357608,0.997252747852508,1.233075916579430,2.442993952767750,2.126400246297060,2.399739958481690,2.289578376156560,2.574202823994380,2.331445963000890,2.738184504591480,1.639994152755870,1.355085876940800,1.622947838593760
3,Seri,27.000000000000000,90,0.004531568498109,0.215537362623877,-0.079053614258317,-1.601676679442630,0.208264906466465,0.679224939860221,0.804596924646971,0.963126724618298,2.066340074356270,2.041555013128100,2.021003233694960,2.023970441650240,2.052033893230370,2.229232906831190,2.516195892484070,1.858661013904500,1.417825283682060,1.697571502096210
3,SV8579TE,37.000000000000000,91,0.003673314721664,0.197550463952081,-0.076331896051365,-1.580069551876050,0.292858662459167,0.573655008425094,0.723985314756809,0.929059871040768,1.651519241231870,1.840049657370480,1.941966459384790,1.847875083675960,2.011128233246540,2.066362647655500,2.232474463652230,1.727917737179700,1.291587576846740,1.524659293565880
3,Seri,40.200000000000000,92,0.008359195249168,0.154565964183090,-0.174562906450283,-1.582869041737270,0.252600596125622,0.599124062270328,0.741162198131454,0.892848942982850,1.737705459702150,1.741193079535710,1.845780580819460,1.927467707165380,2.122093377995680,2.126841751272680,2.419428877786490,1.473766114840850,1.410929128227960,1.646721773503450
3,Prunus,41.000000000000000,93,0.009078836495489,0.214496037693942,-0.041956848990841,-1.467838317816810,0.407375198199853,0.888120889837212,1.107579920508440,1.394008440321360,2.647710056716350,2.189575940159690,2.089070303123240,1.842964759344490,1.888849215313020,1.923465841648370,2.007793466976670,1.654427528148460,1.510869058038020,1.561947187352600
3,Rio Grande,14.400000000000000,94,-0.030172802235410,0.179269439762759,-0.099545297700422,-1.562166086376590,0.418181233204750,0.626758644108879,0.833358122183699,1.015425552756510,2.088496997224240,1.898667893176350,1.896082773387360,1.769897942936140,1.787591221883300,1.764062815328460,1.895443044358580,1.523303471530820,1.460154139315590,1.665128899500720
3,Tam Hot-Ty,64.200000000000000,95,0.044536067495775,0.165345219406281,-0.145304298366586,-1.533088054057370,0.246466797458629,0.592567031818696,0.760652579316790,0.903050216320631,1.202291290928150,1.029928304997070,1.174607287419540,1.081009921260910,1.078512513800610,1.081428493262960,1.223425525876470,0.849330033263701,0.751124673612493,0.948942901278658
3,Prunus,23.000000000000000,96,0.031325584556191,0.230468591477402,-0.037179340090526,-1.565672454584760,0.525900595961339,0.830064758092365,0.902332686393435,1.051089409451870,1.476929439456710,1.374156938000840,1.556127308450000,1.398559488456310,1.443122346437450,1.414803665674050,1.608294100865260,1.284878005092920,1.224732198522190,1.508384787944000
3,Mykonos,11.199999999999900,97,-0.000529508096203,0.197857041417792,-0.081236876321256,-1.481425064449540,0.448417420685696,0.632986650877712,0.680559776418872,0.778124054233693,1.084591851839240,0.779218113199071,1.114384724544850,0.961317155001052,1.073575998316230,1.042613577526620,1.243565781161470,0.752692881625368,0.599871845683344,0.905616984119546
3,Rio Grande,44.600000000000000,98,0.038118302161369,0.152323588201163,-0.175138218214102,-1.516337424982610,0.352412804773973,0.692063864489710,0.817925260235577,1.087784223287040,2.133573663480500,2.139422300413390,2.259915196601720,2.515980998005390,2.793169012380620,2.619309688408290,3.033121755209550,1.801504744923610,1.578795660054160,1.737714869214220
3,Seri,42.799999999999900,99,-0.040358416015300,0.135055334392131,-0.162733471880770,-1.490079897745270,0.470902423535791,0.706729058152446,0.937533316943368,1.150582531910600,2.315271197688170,2.224282323098480,2.223228765279840,2.140721399762750,2.126384591917160,2.066315116150490,2.306056056040770,1.845257047664910,1.797718190169280,2.179391099358810
3,Tam Hot-Ty,37.000000000000000,100,0.004343765893277,0.118494835559561,-0.111748375615456,-1.424160698320690,0.389936841215934,0.495986741936639,0.680273378194080,0.809875392692835,1.308180025943180,1.034287442974170,1.345697400783020,1.121353867625890,1.208185932337930,1.102847276955710,1.347749715852600,1.069368216821640,0.924386990945268,1.357354762847070
3,Shorouq,54.000000000000000,101,0.017304903418461,0.146175706978595,-0.187086258324103,-1.555885689645870,0.455208256480883,0.711542725670284,0.962836112076479,1.137780234296200,1.763535263889980,1.588643024409350,1.745199083684480,1.675185015685020,1.808264679999270,1.683610739080430,2.009719492893460,1.444498010381470,1.425407381560070,1.649909334194840
3,DRP-8551,33.200000000000000,102,-0.014849590078282,0.180415107359326,-0.111609054695520,-1.571538744961870,0.490038132066852,0.582982655249349,0.739851396375895,0.875018647682778,1.625002091466980,1.678649192450370,1.600452660614270,1.575547768674430,1.731332393056600,1.589953801369430,2.041768027482330,1.443278912954790,1.154563107561020,1.520389102203060
3,Rio Grande,10.000000000000000,103,0.006526789232599,0.216617846451567,-0.073644014561087,-1.736348194445490,0.589800980436223,0.609725569430184,0.736399262724889,0.793766341978703,1.304643434722840,1.113400038154850,1.321205272761480,1.092363913413480,1.198406021049700,1.088445431927120,1.380216792990600,1.015564269092050,0.898790320530607,1.219823719117770
3,DRP-8551,37.899999999999900,104,-0.006646444810458,0.128628800024697,-0.235168057555612,-1.781008370458640,0.339564548350542,0.491004529277121,0.705948369693229,0.880712476386227,1.567386629873930,1.581518913868190,1.767130635758460,1.656929721109220,1.862138652027650,1.687765099659160,2.104769942763250,1.444475384471820,1.242336081965990,1.442511875615240
3,Mykonos,38.000000000000000,105,-0.024181635310523,0.131845452040966,-0.144247031779711,-1.563052402459840,0.606178482452929,0.659555918895090,0.906536393220765,1.007785632506880,1.431259895064660,1.245707605373510,1.487246521200880,1.388596039153540,1.520503641543240,1.407677746376350,1.609838529951400,1.384649028570210,1.260766392018880,1.493703952512880
3,DRP-8551,18.800000000000000,106,0.059628490496292,0.217628875121903,-0.118968560408469,-1.583684869638220,0.737204386028715,0.741857785559832,1.060254154173630,1.221023907781080,1.943032204246920,1.548269762790040,1.791091365656110,1.564927785364970,1.638297617397890,1.509270704411630,1.680337240600110,1.542786837753570,1.349821417028730,1.592986701530030
3,SV8579TE,54.399999999999900,107,0.018053310183359,0.156969450161439,-0.187794259601248,-1.920943882814270,0.386649731564549,0.513626730020589,0.762201187389376,0.862933085524868,1.239567355037250,1.221610622498430,1.419860556406240,1.332144192706130,1.440465594875560,1.308868346040980,1.458120758713480,1.298184444698040,1.219793255987730,1.486767310123260
3,Shorouq,28.800000000000000,108,0.048817866953697,0.225844325990277,-0.076344896872000,-1.747875361101310,0.644635848906232,0.548147434582302,0.746013242321930,0.829315445340762,1.402936932852530,1.236972914939330,1.427043764896520,1.457157241681860,1.710311790008350,1.610718614306940,1.865771794127300,1.520834649112810,1.271148669973550,1.494117594210160
2,Seri,33.200000000000000,109,0.005572658440308,0.129730225997606,-0.172705644006944,-1.750002980205350,0.777232662664474,0.709765793855439,0.951353618373004,1.069371228148900,2.155745731531480,1.997442097896290,2.048865339870660,1.845797093149030,2.171865775668520,2.027608032734780,2.223704499550430,1.594854663767920,1.524680184008640,1.759808996845460
2,Rio Grande,41.799999999999900,110,0.030843637204745,0.117313114932089,-0.225860712574168,-1.919479880084800,0.572664716077397,0.612544719048134,0.932952744995271,1.123112496762670,2.090059733827870,2.088333807096570,2.190402000767530,2.118915312455570,2.421462012771850,2.265377583206620,2.574963102447190,1.691011374477430,1.383676541642790,1.621213610198910
2,Seri,3.200000000000000,111,0.068343904342515,0.206102283924558,-0.126299823320717,-1.747606496217810,0.600000008081212,0.419637013918115,0.595904769436854,0.604742314394517,1.044164926380810,0.690119307457594,1.015135704942970,0.814786015011947,0.902558635471984,0.839629426035637,1.043510696375580,0.816728865746949,0.840449219511010,1.227225233643980
2,Mykonos,25.800000000000000,112,0.013952600490866,0.140299319998303,-0.180261457769894,-1.782321817171300,0.653348870394017,0.523319038384257,0.723452557346729,0.733368135294559,1.189480086384080,0.988196611526768,1.310624350077660,1.226249884424760,1.340514582651280,1.246176937554890,1.517154622392160,1.103086142541010,0.964682046231036,1.407564490257970
2,SV8579TE,59.799999999999900,113,0.016287606521206,0.114338394826590,-0.228435854163669,-1.890808214760060,0.437002377390254,0.488683381229051,0.720862971943323,0.801054174848032,1.289352420544850,1.335782825412230,1.646863897673140,1.566252073952180,1.687795993373330,1.544803461749770,1.747314006100750,1.482363808500430,1.394122788993690,1.568673112258210
2,Tam Hot-Ty,40.200000000000000,114,-0.010113265495462,0.218916195952502,-0.183872640055556,-1.714643988723890,0.665698892851549,0.530867547947738,0.822635022937646,0.864019748238546,1.528555584465700,1.238460068619600,1.550319684217620,1.231510607953890,1.284255896994820,1.217749582447580,1.360420487557460,1.128203763014820,1.085331793784040,1.368400631494380
2,DRP-8551,26.800000000000000,115,0.017487215784810,0.224488417571056,-0.173661603300916,-1.520009799373280,0.605118567632632,0.452270881353642,0.717749251806033,0.772442557955110,1.451554907771630,1.175800104903360,1.471535272089410,1.323415098352840,1.357692825861850,1.288815398948710,1.452155522127380,1.117329697239280,1.076126995516500,1.326397106250870
2,Rio Grande,30.199999999999900,116,0.007323506234031,0.150514627065082,-0.239598212943520,-1.635231743538970,0.734420125395214,0.635093218017140,0.984050539845664,1.106081074789000,2.375562742654470,2.332651084155260,2.374186827996190,2.328768088349630,2.435478326691160,2.271271936544250,2.459955463392290,1.742721016733530,1.437474726698470,1.745010404009520
2,Mykonos,25.199999999999900,117,-0.023732631803797,0.140158865878630,-0.218468343259863,-1.632938644050460,0.742991320219106,0.685750797793819,0.944848695743159,0.912008557232180,1.451179837307420,1.325706072085980,1.559075973313300,1.402684879399310,1.485686993899960,1.341677124313450,1.560025973130940,1.135987586030060,0.864070470296791,1.202478876420340
2,Shorouq,31.199999999999900,118,0.018881293423116,0.155165402327064,-0.208700195239603,-1.492032790284920,0.697300166163864,0.581054690339589,0.896838589650895,0.993428699207842,2.277300887656410,2.092227748820290,1.929829241906750,1.987290893226930,2.310360654922840,2.149773375799800,2.482394705689320,2.010107662418000,1.697988531128750,1.839499857508100
2,SV8579TE,43.000000000000000,119,0.016205328979360,0.150080838317560,-0.194977278126102,-1.426389874560110,0.769490140423469,0.690252367489450,0.981154884341233,1.006792641139400,1.780388532033520,1.628958283923140,1.884603842817780,1.912351965351270,2.200531444071550,1.962363852325830,2.293189463912370,1.590453946279440,1.394034132110860,1.704840355992840
2,Rio Grande,26.000000000000000,120,0.030694996450495,0.174487137283608,-0.191314911471867,-1.341480356015650,0.712798773089177,0.600977907509332,0.834544823579944,0.841922041904134,1.482806527518090,1.320363585437010,1.429308241700200,1.481361253627580,1.559064668807340,1.451030143238760,1.639772198598100,1.216780008868480,1.152234939183120,1.469891193713080
2,Prunus,24.600000000000000,121,-0.027209451747063,0.090495816170620,-0.287020000454018,-1.332169340246000,0.779261390583246,0.696954263706922,0.970172882820035,1.189954897883720,1.819261809652890,1.490998433041020,1.621758612692770,1.374464860139530,1.374401021443960,1.266727574481500,1.416660028310240,1.277858456094940,1.077998108301320,1.285849148965700
1,SV8579TE,38.399999999999900,122,0.000043112070532,0.106226437313034,-0.255756774068728,-1.298284771561130,0.549615243265071,0.532842603618153,0.828686247040560,0.916349738680036,1.694123279508860,1.547030477482560,1.802566556147610,1.764723266595590,2.066278451930340,1.848061112951170,2.136637549132860,1.520906280066160,1.301245708705750,1.517444124553830
1,DRP-8551,30.600000000000000,123,-0.001761717234870,0.141578109736373,-0.191613265633861,-1.113800887463330,0.606683938893936,0.612045045185975,0.891273047278655,1.013926093321620,1.890108359889620,1.799190312228920,2.066358399793420,2.027326777801600,2.236489705886310,2.033105755973860,2.333007575529630,1.539440582778520,1.355227945568210,1.700136033606300
1,Seri,40.799999999999900,124,0.016155304929098,0.116562960089832,-0.224377228963945,-0.892543233224130,0.586558463576526,0.653825200939003,0.954534729695098,1.080136109265490,2.368620193795000,2.271035187306250,2.310667682190690,2.196840336785660,2.424697594869340,2.258787876184740,2.565453053292520,2.063154685868260,1.769962373681980,2.058410070697120
1,Rio Grande,16.800000000000000,125,0.011472341505664,0.111997490641199,-0.178588663557350,-0.772239799111206,0.416053071485603,0.534365565500491,0.815586328601652,0.755242428806264,1.274968983837630,1.038151216650710,1.298188237238860,1.171376696765510,1.207256837629820,1.123900872656550,1.340659211473970,1.048664588027190,0.929283254931483,1.251089638571690
1,Prunus,52.600000000000000,126,0.015608776972907,0.108162357785461,-0.216020250109050,-0.632074334697427,0.495446255207995,0.759830644659475,1.129875029569860,1.356440493948540,2.881781143750920,2.784952909980770,2.683436239514030,2.348517168053330,2.322031579744880,2.286977543459570,2.574929013457950,1.710660239090120,1.298067554409520,1.597990714023820
1,Tam Hot-Ty,49.200000000000000,127,-0.018020382028483,0.108767610392602,-0.157432238305242,-0.484025605193184,0.353646293347323,0.498832521660104,0.814601345612081,0.837360214179155,1.497687688194780,1.298179614024180,1.427095770388100,1.322920801662640,1.315567027907540,1.214787674576130,1.441729946025280,1.296686082303610,1.097271947708250,1.406654437514790
1,Shorouq,31.500000000000000,128,0.019216006071715,0.156069882895105,-0.110997675535301,-0.433646711885621,0.435274596882950,0.670458812014259,0.941478791651734,0.970085870368663,1.732797314475230,1.708238437983120,1.576017408599190,1.667145537323920,1.823944980513950,1.728007381893750,2.000971230161810,1.866852861773960,1.442363707093000,1.696458918950020
1,Mykonos,32.399999999999900,129,0.049588295018080,0.198367635557756,-0.021278341630324,-0.253975017559750,0.420755896543806,0.745454342493226,0.999727663948691,1.024593433236480,1.655432815542190,1.648424617086260,1.606308919236450,1.542658551925940,1.649386428554330,1.623248783621630,1.842626090448580,1.579588992455130,1.321613498789490,1.415448925030710
1,Torero,38.799999999999900,130,0.060685697528995,0.135690026644291,-0.072563635736883,-0.115900425647895,0.257422535575570,0.636561487103180,0.938545164818849,0.974271098871365,2.118183400986290,2.516932503765770,2.207444196782450,2.262521464129010,2.294620826764960,2.172921027669350,2.452507574197920,1.869161925336190,1.640169820866490,1.685927812702630
1,Seri,36.000000000000000,131,0.001990413607676,0.000310938678224,-0.167189026327001,-0.245038728241622,0.012172776382458,0.484053229581073,0.705585428463284,0.661517939300669,1.165779580749510,1.391678638429220,1.285747315843750,1.546173328380990,1.759488415015970,1.773189747767640,1.896593588339920,1.749032329940000,1.596105755067990,1.816931655096930
1,Prunus,57.399999999999900,132,0.031348232242525,0.049114560048999,-0.135011667389716,-0.429261377992094,0.181255905235395,0.605038532267784,0.901995698357762,0.989615433378976,1.451413929187880,1.718677300986730,1.604475950071750,1.804546792403200,1.886860788809730,1.864285045325140,2.128174071780400,1.571866413599410,1.238491130967890,1.408165140434190
1,DRP-8551,25.800000000000000,133,0.010114434992295,-0.000086742267638,-0.219368135834838,-0.608610098722794,0.089539392977227,0.345854869019054,0.632302143952638,0.616225430443572,0.958287233614963,1.043625276402550,1.130261056924940,1.171626569226300,1.278174127855010,1.139761937959760,1.305931475738630,1.060050931320240,0.832965382778152,0.951019760361702
1,Rio Grande,49.399999999999900,134,-0.006862193441245,0.022757055188703,-0.244780465954887,-0.712869701837518,0.168517928836060,0.442998613213006,0.728726450541266,0.704224653528491,1.025880582544470,1.092635854772910,1.225765317126760,1.103679210939720,1.027181049320740,0.977275106157884,1.133862937462290,1.021370088792830,0.814960638474667,1.141990767181280
1,Mykonos,32.399999999999900,135,-0.017990346839455,-0.002179776662328,-0.275438386916637,-0.863899631291818,0.269227681193797,0.458779474725592,0.710038574402018,0.692781221073930,0.977128176371945,0.937567989878865,1.023671234780890,0.947742443380901,0.800566147147521,0.814120978501260,0.952298619916795,0.781015357675747,0.562595136971911,0.767829171529610
1,SV8579TE,53.000000000000000,136,-0.000283841346762,0.010649149124500,-0.276827139247850,-1.100381893567620,0.207630871563571,0.426714345055622,0.754233661459680,0.788262680408044,1.120631530941960,1.166162070437640,1.447741346961830,1.404348886630350,1.477899493463300,1.455774719884830,1.566693365521400,1.426951393347150,1.194377243767890,1.452780573985210
1,Torero,42.000000000000000,137,-0.009790018502082,0.020470542012688,-0.273050181528084,-1.193519570003110,0.446723235671479,0.518642100735866,0.775814756806409,0.852762936445189,1.654900758078530,1.661608277168880,1.916443662120720,1.991475602067720,2.374570743180800,2.174504560873240,2.496520791439010,1.638251278370940,1.272762827692170,1.617814187226280
1,Shorouq,32.000000000000000,138,-0.018909380657667,0.002589462627030,-0.300586980329269,-1.313366480514740,0.391058958594291,0.534843921701911,0.773341805105532,0.864973524132555,1.461095729092770,1.466223097416270,1.655201693874350,1.650879040141980,1.922451988448860,1.703123234979000,1.981807372378660,1.615151204838930,1.195561009014550,1.573471065829520
1,Tam Hot-Ty,51.799999999999900,139,-0.015730302056021,-0.004756076051657,-0.313511660679379,-1.426541752614180,0.328519604151832,0.325558098523253,0.558687102813007,0.577698245386433,0.912621823362829,0.834518426621471,1.126859116328180,1.003787676474400,1.083670653941030,1.022657125729010,1.233191571808290,0.980578338063018,0.807130290882863,1.223352791648870
2,DRP-8551,49.600000000000000,140,0.006133818986380,0.023761800558224,-0.294629444847739,-1.493129497231130,0.400215407577398,0.538049360937058,0.809789029468079,0.922395104762942,1.635689602954370,1.458302484217230,1.633694018671720,1.572016413432110,1.692195071077200,1.523883714715240,1.890024575816130,1.430675021321600,1.080823861154630,1.496882616857790
2,Mykonos,65.200000000000000,141,0.021200527539520,0.054887400364274,-0.253570205659362,-1.418006743625570,0.571856137669006,0.594603890886325,0.841938043812490,0.931978614675222,1.477146284610060,1.390550774879510,1.599631908500360,1.647732905884180,1.725373142644550,1.613186663415380,1.856395648871560,1.514521632459620,1.148490252204400,1.627145280890900
2,Prunus,32.200000000000000,142,0.014740146175034,0.053123557183903,-0.252109632926452,-1.507954331220280,0.514216044527531,0.465847226774933,0.623000062023080,0.640083543904990,1.200331288024400,0.954179047732606,1.336619977107860,1.336722469113710,1.536191043833290,1.426818052140450,1.841949279236890,1.248247112605640,0.960659707314789,1.259413824050560
2,Tam Hot-Ty,62.600000000000000,143,0.016253530593898,0.066033735018063,-0.259492148325347,-1.619936437216350,0.534999788304283,0.425181266688867,0.640794575295825,0.635115360671647,0.998975361424410,0.813283278226518,1.099848147498650,0.901830958244674,0.940164336377773,0.815457229960368,1.055389516140370,0.758039013612559,0.572639412688914,1.012356945355400
2,Rio Grande,40.000000000000000,144,0.014396322554725,0.087435948721819,-0.279369083382586,-1.658919662938670,0.582339420724104,0.496082400590537,0.676647676884483,0.642849508057788,0.942492011569607,0.842768712294876,1.145100757273310,1.049150403858030,1.042762781552340,0.960160364836827,1.144668209762050,0.791762487678869,0.765073332801358,1.137578707457550
2,Shorouq,79.400000000000000,145,-0.013694095828314,0.092453681458189,-0.272149517640625,-1.702088323409410,0.522962269872150,0.636346406274604,0.846564518666675,0.945346364432150,1.507710535337030,1.416266570062150,1.665832592220130,1.713995977844590,1.833184625545000,1.707323781390430,2.020696017374140,1.604352200416810,1.374880357711340,1.695758173300660
2,Seri,31.199999999999900,146,0.009658730715277,0.094221951575977,-0.244887103674076,-1.763069895214490,0.461975811348374,0.503634221504862,0.723560645161790,0.754672127558576,1.257171361201470,1.320420512969650,1.566206655894060,1.542998923930890,1.739853704461270,1.654984451812950,1.880089875864300,1.450263983219470,1.476266266608650,1.689867862860650
2,SV8579TE,19.199999999999900,147,0.018088340777329,0.140875259298297,-0.180320382147990,-1.781802248446720,0.565490103628078,0.495703201775446,0.724846075921259,0.751411922725481,1.377334674593800,1.303266958586920,1.472257661780440,1.304989720298990,1.281516643961780,1.205715560367850,1.493108622820610,1.157716985935600,1.107851068776310,1.374732590968730
2,Tam Hot-Ty,30.199999999999900,148,-0.027657038340187,0.103641068617241,-0.213962626964690,-1.737062809457930,0.603968943110081,0.393356315666574,0.549964544025702,0.521267582661717,0.951552927919254,0.655918388286998,1.031546529289660,0.887671939854819,0.917605263901082,0.889202959769412,1.148660643759050,0.879544969671249,0.821404117116606,1.167405485521390
2,DRP-8551,23.800000000000000,149,0.034286150700687,0.158858525573737,-0.140499147751416,-1.469246827843680,0.678076313635893,0.492404834707875,0.774582194388836,0.841795585545423,1.775617447748090,1.514832061417040,1.739198309159310,1.422266278441330,1.578044261320490,1.508752589950390,1.766427335169730,1.329967131921380,1.161876441208550,1.429403598278740
2,Prunus,10.199999999999900,150,0.040240976326177,0.132180595010473,-0.142709706447548,-1.457303994140720,0.794434911565387,0.616985294269328,0.816021204116846,0.806315988229459,1.222337029339560,0.962851599852339,1.271063003522700,1.048966849615850,1.212855856403470,1.101975714997370,1.377128044386770,0.946912839951872,0.872966508895533,1.227071996174560
2,Rio Grande,19.600000000000000,151,0.005512527716699,0.092193166195974,-0.165989579358259,-1.408688144727760,0.743649188330235,0.533892795391675,0.781985447417876,0.843924941507072,1.807795465092580,1.549911179751870,1.784089877651330,1.705451266514260,2.204004201650430,1.965642214264640,2.262958426366270,1.529679544704290,1.383040166383220,1.603817295382750
2,Shorouq,22.600000000000000,152,0.020778683152728,0.102132343223920,-0.160718796806651,-1.377203736845550,0.819172780593089,0.635111217256032,0.861723162478597,0.874650021405019,1.483117204409400,1.407036060116820,1.367336466164950,1.320245396691410,1.481294422378790,1.379286547303720,1.635661507324750,1.564416397189230,1.173630528345240,1.417720459172560
2,Rio Grande,1.400000000000000,153,0.009350191140263,0.048187820646832,-0.236500377432491,-1.421011162730460,0.364845522358187,0.144302802255343,0.298939890566789,0.258625922697769,0.729097455750993,0.510710946853345,0.780284973235368,0.637740945114974,0.652879750058022,0.614626021036864,0.789342342318998,0.755303000012713,0.446848358153288,0.886119525255071
1,DRP-8551,16.000000000000000,154,0.024573907962140,0.041352681124227,-0.226980439690490,-1.358936859249320,0.465842397842829,0.370492587835101,0.562500506491982,0.601293916642176,1.133762091589020,1.001811211196850,1.231837905650200,1.168430708944870,1.497712661234060,1.286666561005160,1.612588149253880,1.328924561409310,0.780164162223162,1.116080089099760
1,Seri,21.000000000000000,155,0.040370341503639,0.099376622149661,-0.179278883023452,-1.210804201389360,0.475008176598999,0.482610646621609,0.700820920982011,0.689794517185218,1.258088417684170,1.246704442762770,1.423423672487870,1.431654414361870,1.711029903848590,1.723947312899130,2.021700974259200,1.625654701999310,1.163504379186040,1.505740607039340
1,Prunus,20.399999999999900,156,0.084496824415328,0.130698401300310,-0.130623112681610,-1.027844936560780,0.568371865175098,0.567412697016591,0.762026074183092,0.731894729358136,1.292244636146050,1.182925124486260,1.323270463060850,1.310886132208370,1.462164355194740,1.536200077069110,1.746181525634840,1.453016481231540,1.039287272796450,1.341378102936890
1,Shorouq,6.600000000000000,157,0.012580604497599,0.032955438092722,-0.207926080507821,-1.044874129230050,0.471789654607545,0.475096139391680,0.689218410683451,0.741052541927976,1.087891380886460,0.879750481912794,1.059139692557800,0.923987280381010,0.892319529613960,0.910273537613276,1.054949005718110,0.826210435129358,0.679541320405208,1.010187366346190
1,Torero,2.600000000000000,158,-0.008737497905085,0.006812137997063,-0.206965862711512,-0.747571484569174,0.239791994219410,0.203927934477893,0.401649593374234,0.220878934096377,0.390779252673148,0.310069067645993,0.528025226804953,0.394083833212727,0.357607290479798,0.399591654576176,0.550738656863035,0.339029243431011,0.233124148458322,0.695035659745222
1,SV8579TE,29.800000000000000,159,-0.000563202639612,0.011585149165630,-0.164527266994583,-0.612666469448913,0.317441133100830,0.379417247574974,0.638507746908824,0.643263496585338,1.158520637805910,1.235945294968600,1.210402065723470,1.155891004167620,1.328062506083180,1.237866005279010,1.560581408588480,1.341424889906840,1.090228277957790,1.331862716252350
1,Rio Grande,2.200000000000000,160,0.037629188171956,0.053389455315749,-0.121102647960238,-0.457189337019915,0.275414600103663,0.325179462560025,0.529259464273495,0.389850929300187,0.502082308566873,0.431059936175574,0.500010461458394,0.497702990729095,0.491180139250639,0.488500143024692,0.564558836863115,0.470420460671873,0.423901113508565,0.770300656464714
1,Tam Hot-Ty,12.800000000000000,161,0.027423519150722,0.054662009951267,-0.098971486779842,-0.384225917405746,0.236484002708505,0.332302902295829,0.584649447509507,0.514843693594195,0.691683364045275,0.591343871599918,0.645967464910640,0.572454658483833,0.516707386692827,0.547736420962776,0.736926158986364,0.618437502070422,0.554816926912311,0.844200413797822
1,Mykonos,21.800000000000000,162,0.060805442418273,0.076622958366000,-0.044641682384526,-0.206463326771658,0.168370076891329,0.481436689663184,0.742724174423694,0.682180794344057,0.997013113564094,0.888128331387324,0.932663115637814,0.840356621347690,0.790903753855972,0.804986478733993,0.904928349547638,0.809911899189755,0.681907670511757,0.959251040202851
3,Shorouq,23.399999999999900,163,-0.009665700626738,0.201608266209804,-0.019505818068791,-1.831787765634500,-0.208484197209189,0.319839579462054,0.316482080264234,0.482600947165853,0.878799407051227,0.982912767726705,1.083430674189500,1.396598162893270,1.727818557251710,1.786542750574610,1.833142027055960,2.399928123129120,1.764839252978830,1.752701294274310
3,SV8579TE,33.200000000000000,164,0.059763364015902,0.181852697228583,0.038264734949914,-1.823841201680110,-0.121108339269811,0.312988697205121,0.319972534283371,0.464085464126690,0.931107618955622,0.960518170374631,1.097317310736750,1.279625096294220,1.555678705899880,1.582462196508350,1.748098288314270,1.711923842392570,1.227421480505340,1.411460217428770
3,Rio Grande,11.600000000000000,165,0.005012007210711,0.144077775348286,-0.059926422634021,-1.854346999762890,-0.120963020488334,0.249525502881283,0.244487345531616,0.325786781749216,0.632964837252718,0.686531156895181,0.980271064089198,1.100049391027290,1.249703026188390,1.298240910660570,1.311238543299450,1.300087802726340,0.907585707700985,1.170537935165260
3,Prunus,32.399999999999900,166,-0.044479803715252,0.046493379313615,-0.092720509871568,-1.809022751073000,-0.066424129649328,0.269267913789630,0.374773441859232,0.528273920138353,1.349984143999970,1.291799178262410,1.480005364653540,1.664082940387840,1.777036145773880,1.825817478157180,2.042374964850580,2.103706748950490,1.285744125875160,1.501127997666200
3,Rio Grande,14.800000000000000,167,-0.064346212958703,0.104522571028595,-0.050462735448645,-1.708777666023130,0.090122622222230,0.355413874828573,0.432036817380212,0.543479196237914,0.991405858801601,0.931925511175600,1.182397428408100,1.275087531280850,1.351714342875350,1.374211228595160,1.631566628424890,1.396213833373080,1.040998919868890,1.356289751877030
3,Seri,21.800000000000000,168,0.024359010203661,0.203697081065663,-0.031248482939687,-1.662907439648360,0.128591278571799,0.390494914682626,0.440144565113853,0.535622499566703,1.119574383929570,1.154922001623110,1.449733482453630,1.719566638423290,2.031559397877680,1.935736112827450,2.319244849677300,1.889136147489530,1.417811358144830,1.779015465552850
3,Tam Hot-Ty,26.000000000000000,169,-0.001405922263602,0.097286189000612,-0.133290392572078,-1.790738495205380,0.045013222280951,0.285635718779961,0.366125208977047,0.443887728666453,0.801663237299953,0.662919809228889,1.009935008525000,1.116974708148450,1.293854081848060,1.280675402935490,1.456834761935680,1.318664061629250,1.078873364333040,1.449478401791790
3,Mykonos,23.600000000000000,170,0.022495981232371,0.125573215648801,-0.090349125155544,-1.842786997666540,0.152477045418466,0.295201019196614,0.396199407219303,0.456664397068740,0.858953163643594,0.864143760697898,1.121692784912410,1.215264388363570,1.234598779102840,1.233598712869740,1.386747241560180,1.342598335118040,0.993795586708251,1.185631579898860
3,DRP-8551,34.200000000000000,171,0.066037212446008,0.165043124379017,-0.056319534781108,-1.779689610276740,0.293463418972957,0.301838847174516,0.454670627564042,0.465791626283561,0.991345265658855,0.948652580137502,1.153327586534250,1.418797998154030,1.516987258367110,1.527300784529240,1.774472637479730,1.386437300515520,1.025897596354720,1.379208530886780
2,Seri,28.399999999999900,172,-0.076240542473577,-0.031422143269763,-0.196394050190043,-1.986023825618070,0.236916876851693,0.208927574332135,0.326377025632524,0.373836698730995,0.952024033709024,1.020255114479660,1.385479771413810,1.557973707545520,1.799100507076290,1.904720732604790,2.219706137696770,1.737210051593880,1.305278200461510,1.450180938921620
2,Tam Hot-Ty,35.799999999999900,173,0.033725434297891,0.155458458719486,-0.028874902725798,-1.765375638637200,0.338108075946605,0.328623123189135,0.493985360871415,0.509121190410824,0.908365660131214,0.835442427557736,1.236531988237920,1.169347254562710,1.382153083039390,1.332313913747310,1.538454686247520,1.588498459177060,1.320977350527380,1.541045830062430
2,DRP-8551,30.399999999999900,174,0.014292458201380,-0.074183827581426,-0.156637133476072,-1.865561704474320,0.257331927247566,0.252230584488252,0.384841369895613,0.397821640732145,1.018262743028270,1.139485757463280,1.409208062039440,1.465810573983190,1.744446560391260,1.621760551215650,1.945219154652010,1.721422886599640,1.373324556498540,1.468451590333730
2,Rio Grande,8.000000000000000,175,-0.045201403778249,-0.039086738382585,-0.172953654422289,-1.808904265503690,0.285975850447152,0.243381045673202,0.394937059151797,0.398935045065647,0.922878630004810,0.947918617896764,1.191687617746770,1.277268853435800,1.592797792054600,1.472832537262720,1.729941170869940,1.567409951717990,1.119132230927810,1.346511511607360
2,Mykonos,28.000000000000000,176,-0.106762711671867,-0.000204202894814,-0.201646971584282,-1.603825708115860,0.301880208546733,0.212009367882335,0.317199979488616,0.303064683858870,0.715949751799261,0.768929279328832,0.983544062092037,1.057365229297470,1.222316290491190,1.141112305700490,1.322172071439370,1.489054695709900,1.206498936637050,1.461309880161630
2,Shorouq,24.800000000000000,177,-0.013018483904942,0.094913308188911,-0.060496432416462,-1.413310437907900,0.512545799220182,0.363182213399344,0.513510432412235,0.490837932613853,1.087460368531650,1.267675524874830,1.400526623380770,1.584419660198510,1.879488759551390,1.831618146436190,2.115742782275600,1.858299122368020,1.589291870301640,1.790146793567890
2,SV8579TE,25.800000000000000,178,0.064522981982481,0.196555010623420,-0.012318025290481,-1.252431031863750,0.548055275440355,0.441758185995192,0.545089235992993,0.510783515433017,0.962878317338233,0.991596854606863,1.215547061902020,1.291577654600530,1.474902564123180,1.379503457557460,1.628356063519840,1.883476383066000,1.307087469302940,1.449206173080540
2,Rio Grande,4.800000000000000,179,0.072942948825039,0.162701740401827,0.019404056405890,-1.165371746050670,0.477050375710046,0.433661868128810,0.514186855949800,0.472140303356416,0.801547138019846,0.729688329218448,0.898054329342805,0.872801975845208,0.930226620664728,0.879645587070546,0.961778342979893,1.294564957338650,0.904197851642184,1.170552410490250
2,Prunus,26.199999999999900,180,-0.060327971500006,0.165737930088853,-0.060033383726915,-1.126407675323000,0.422573275617788,0.391561535225208,0.588247929308881,0.590293345691631,1.343929127962250,1.443317366165320,1.430134814329450,1.642124530184940,1.811722365589120,1.809385401477060,2.165595541684440,2.217391816748390,1.271178985483710,1.436802149560910
1,SV8579TE,22.800000000000000,181,-0.054456624292883,0.025603933783590,-0.206462648312980,-1.327914773292380,0.305130294599822,0.268404407109644,0.411932102627490,0.343643586262742,0.872687361118773,0.881559971590121,1.132875748721730,1.164963843428450,1.328659102491480,1.341614858692980,1.626330538722460,1.925340744990470,1.146190637079750,1.486523150822520
1,DRP-8551,25.399999999999900,182,-0.029279817178943,-0.021384320463802,-0.204100440074396,-1.239422199220240,0.204623171527341,0.237988030349359,0.387587880745780,0.342331843355388,0.781980580622799,0.826020932630629,1.088230237451010,1.083890000576280,1.300528705026090,1.295504916655680,1.536412239476400,1.660171433750920,0.998599508129626,1.369872321759330
1,Seri,26.199999999999900,183,-0.164613564569291,0.035853030753749,-0.146627714986864,-0.984396792887714,0.236643258771600,0.279348426598187,0.437241663545713,0.400627970811307,1.011383505253430,1.272127919638090,1.551030112953280,1.773965260409710,2.149409901193960,2.178071591841270,2.588974980454180,2.691188299617510,1.644364476577730,1.736498993812220
1,Rio Grande,17.000000000000000,184,0.054259649163877,0.131668365050678,0.111717688798209,-0.676944559481585,0.367302894452606,0.512869576179888,0.643591064439357,0.581287784106397,0.944969038450249,0.955381993440873,1.247209625637400,1.103799524176680,1.147934327466450,1.170235982442450,1.273628161318140,1.377657887327970,1.040243681175110,1.289406533095530
1,Prunus,28.399999999999900,185,0.013702347479338,0.030338904108045,0.019127785224639,-0.480559319926481,0.187279798092087,0.420113448927939,0.633358127197281,0.572077493185664,1.152766596255090,1.210217245654870,1.460833610719670,1.406003994131660,1.475698687917040,1.483986909986640,1.786104884464160,1.695503563293910,1.130263795702970,1.374155365379060
1,Tam Hot-Ty,35.799999999999900,186,-0.071472873203213,-0.005130209955276,-0.068832238527709,-0.467391449540561,0.023247624287134,0.266793178600254,0.476658672459435,0.410421451194918,0.777179414195198,0.847656550471569,1.087275969475860,1.010887039180310,1.097862722708990,1.111801112292120,1.279650135056140,1.532879242143890,0.945943410831137,1.198722996152940
1,Shorouq,23.199999999999900,187,-0.022417685290163,0.030786895277027,-0.035633845829552,-0.290944460529095,0.036666636556385,0.331125346196726,0.512910293590461,0.442136512756504,0.885866775771458,1.196635471496200,1.315992449250080,1.442557117499120,1.741964543349980,1.728462095933760,1.980280472692890,2.981787168939570,1.743354984234150,1.937143344403150
1,Mykonos,22.800000000000000,188,0.339360570566495,0.381045889429201,0.268198590107236,0.177913361603164,0.276604461262782,0.625170955676563,0.782063132480854,0.698740090633642,0.998921697585556,1.256734992214310,1.397695513568510,1.416258710511110,1.593111576879090,1.551885801016210,1.671178662390560,1.991833063244010,1.551479754042130,1.602111480855200
1,Torero,11.600000000000000,189,-0.018071109707902,0.019297671608666,-0.081512715589016,-0.069550840090976,-0.228467703374853,0.202056423044253,0.376093530862534,0.225933955432383,0.575173429257393,0.825789991884310,0.866059687390344,0.984467492768080,1.207895719990090,1.205654894353420,1.396180814392930,1.677157649722450,1.092934007419890,1.063319713770800
1,Seri,30.600000000000000,190,0.008041136766501,-0.004335722935050,-0.064948340674456,-0.243898777101033,-0.333851516862197,0.087442052608910,0.178524743827703,0.202444785843195,0.594010494362127,0.915436318024360,1.076267484347540,1.031176476357890,1.200516038478070,1.318724589043160,1.425307997271790,1.320862720844530,1.030371236478550,1.105775284842700
1,Prunus,36.399999999999900,191,0.005108930618460,-0.054768979423224,-0.123476177272710,-0.444651483652448,-0.271681428888362,0.053086283441694,0.188113448763605,0.235025142637224,0.579176786661658,0.876524743122041,0.993337591246727,0.818727420694382,0.888876363187105,0.951581228287679,1.107391157127540,1.088655185196520,0.676903093176401,0.834867812053645
1,DRP-8551,53.399999999999900,192,0.030921968147375,-0.013459929411325,-0.123190664490149,-0.573796304848807,-0.200900078381483,0.056231585208003,0.129963992739958,0.140015273873595,0.589618747061553,0.909297490110361,1.206081338271560,1.143635274868530,1.408036149043820,1.503938410708580,1.606900929793090,1.431401795220770,0.952255569175176,1.332411731494250
1,Rio Grande,24.600000000000000,193,-0.020896110772741,-0.043372162048666,-0.168206620499502,-0.789561838656927,-0.175632908365829,-0.017971302064717,0.065211776868657,0.050718384594569,0.300813804271121,0.543848117506183,0.719314201400740,0.683455951884455,0.777309392656636,0.791881080720259,0.888395529062393,0.849499943847063,0.627279121954446,0.921807645300989
1,Mykonos,51.399999999999900,194,0.007420918440766,-0.003285458687904,-0.170548355140367,-0.841208346435912,-0.096540252098660,0.035919191330418,0.126361006932583,0.176779263754354,0.503722322422260,0.823735323714943,1.148387503252090,1.058655349498210,1.228045869335810,1.194437300836360,1.377677298895010,1.401751716732020,1.012424771501750,1.271039422595080
1,SV8579TE,44.799999999999900,195,-0.029842895506714,-0.061951071950294,-0.249135863629940,-1.115025793235500,-0.114340931602182,-0.041018480712819,0.074793209213836,0.098130516466106,0.466651771124342,0.767765511388824,1.185823175619110,1.019450657000600,1.169113968413840,1.145799403124570,1.310809947289390,1.283765420883270,0.807335995220251,1.125352779280020
1,Torero,18.600000000000000,196,-0.000777091420432,-0.040743801962943,-0.218156589299953,-1.174020560682880,-0.021353686916788,0.011395906803323,0.179357673964415,0.253293343644262,0.721499779474889,0.928495901494851,1.326866819924380,1.170020249596030,1.410198455525070,1.393484640564420,1.534686413384850,1.235304924602110,0.871672640803127,1.141178036957940
1,Shorouq,42.000000000000000,197,0.059150624918103,0.034786146138957,-0.139360818412984,-1.275231652541270,0.082109747302133,0.078148518425860,0.207962479387010,0.306663963796733,0.639187597603250,0.848279802048648,1.235813055165940,1.067348485269100,1.250808323469600,1.242552045892020,1.342904246938020,1.363623687329010,1.137668467073270,1.279449603206790
1,Tam Hot-Ty,45.600000000000000,198,0.002924508469201,-0.026315545351358,-0.208255898482215,-1.489764978664810,0.118029005887798,0.024416053469202,0.111507665334396,0.165453013734554,0.498420994013388,0.588997258257972,0.982104394687630,0.750923022254402,0.874976557800612,0.760733769395786,0.987225775401234,0.905336757785648,0.595461322958636,0.881471869313893
2,DRP-8551,40.799999999999900,199,-0.031599437506892,-0.075049060157954,-0.267364538208878,-1.527829425662770,0.117348981564139,-0.022913561434307,0.074362034915384,0.128348755288556,0.575516742135811,0.660418535330690,1.164414464222710,0.950309153203793,1.217462819164380,1.197564957503970,1.407746108050770,1.464829833328780,1.076199370628500,1.219807565774440
2,Mykonos,50.399999999999900,200,0.015997104232218,-0.028018087644121,-0.215597959231731,-1.514714589227180,0.212712236236601,0.040483098284012,0.128037003318246,0.200654329647700,0.668484444863799,0.823067920849069,1.191186117501730,1.143001595022730,1.384993074673200,1.297595784969010,1.508048138101300,1.199404190184370,0.924196285843072,1.274606561923720
2,Prunus,50.399999999999900,201,-0.013321832555419,-0.033168924265077,-0.238988842892156,-1.660273331584480,0.229874940720922,0.024608159900966,0.167179114166475,0.276063397472573,1.039771626364570,1.367489247114980,1.948824747412050,1.619440162372740,1.959727618472400,1.700590531233370,2.036118622335590,1.188783134044090,0.765267378549439,1.029872562798250
2,Tam Hot-Ty,35.000000000000000,202,0.021194233498261,0.033103081056331,-0.194563119498632,-1.723017261484080,0.230802134322867,0.075256796272675,0.185942514115016,0.266312851064364,0.555014521868515,0.595285455249991,0.911319116149203,0.827273184948919,1.052325505741020,0.896969017527752,1.072122846077120,1.042510043633870,0.813701749176816,1.036443132105160
2,Rio Grande,32.799999999999900,203,0.037320984118221,0.061604191243223,-0.185333129699388,-1.704904492812450,0.246286177377961,0.090053190280280,0.165597188162418,0.282131517875975,0.678238368824692,0.771409740447160,1.137914290758540,1.017655810304110,1.302555381493050,1.245313236314120,1.438797033424990,1.130160503803840,0.827723608991769,1.164086960535520
2,Shorouq,9.400000000000000,204,0.005947894335182,0.066043302373243,-0.183376737495806,-1.772232380043980,0.180776692252748,0.048926208557376,0.085679259727644,0.090022718358436,0.378697118457816,0.462676522758417,0.920479327701810,0.897229673022290,1.146375865904760,1.202348391318670,1.399560292674220,1.305065864852560,1.094479313783680,1.436322792940960
2,Seri,37.799999999999900,205,-0.003812265186889,0.049413731048315,-0.191957488709149,-1.814067770246600,0.130858158206769,0.062348220139413,0.150860741348439,0.270522283739403,0.811208269983095,1.004735528847940,1.464896212316420,1.397792029451290,1.727371614089340,1.647312533337960,1.962228295996710,1.506028050423600,1.208326237399680,1.518053101730710
2,SV8579TE,40.000000000000000,206,0.018944294181263,0.052307316681034,-0.174136006000562,-1.928236975171460,0.115858073720535,0.044449589603977,0.173527560912665,0.258545053551598,0.782676124152424,0.893063588023353,1.442600978446930,1.197888496128010,1.551923405883650,1.470587266123360,1.755163513378650,1.471724732965350,1.062675772498040,1.373793639981840
2,Rio Grande,22.399999999999900,207,0.005969278385620,0.079976868811059,-0.165892998411596,-1.928425936532330,0.097525863007837,0.061874851823718,0.141306954341890,0.254871698011783,0.712372494873103,0.725465407492218,1.160329971070820,1.116529701497630,1.589205192240160,1.511797576195760,1.835268649745040,1.319838584227410,0.894660001951478,1.368592227811830
3,SV8579TE,45.000000000000000,208,0.040905058628044,0.093761087819424,-0.107680494591967,-1.928464775013290,0.120677451798224,0.063429220274299,0.200898312820185,0.241539066428837,0.655875006480429,0.762424086208184,1.220016617721210,1.052481314185280,1.440730477640050,1.280985032745900,1.615263877779220,1.370891127002980,0.956284251156985,1.206940783159520
3,DRP-8551,51.200000000000000,209,0.030773288771970,0.138998029704516,-0.092866524327784,-1.923970308398410,0.053259963588645,0.075468463927959,0.119492660001879,0.210190685051810,0.655193380854123,0.706447487106020,1.121750744169990,1.042263487010610,1.312019232955210,1.159171265408210,1.481573983785660,1.147356563412470,0.779480637322143,1.077396102878070
3,Shorouq,32.799999999999900,210,-0.021563821049301,0.071682292461135,-0.056436030907009,-1.836414261427790,-0.023889496494906,0.024037029307892,0.056109588566338,0.193887740432274,0.720133095976030,0.832868945535098,1.351227573630660,1.341634326449500,1.594861335054250,1.565622981686570,1.878607722319650,1.724463887682890,1.205791770707710,1.373981956073620
3,Rio Grande,32.799999999999900,211,0.011359509803028,0.120440111606923,-0.034642310936691,-1.850828136309320,-0.043394714060965,0.126968874063884,0.164127732515616,0.381417151070171,0.900067604291903,1.204961873897680,1.791739405103920,1.558165777826550,2.121938126591800,2.144946287034670,2.490721123873810,1.802099692105360,1.479000957919420,1.582087574009450
3,Tam Hot-Ty,43.799999999999900,212,0.029538514947267,0.138270989580691,-0.073946249956096,-1.862709265781730,-0.109705319841283,0.111054521201363,0.142868324701249,0.316661482913286,0.621482193314898,0.721455297405768,0.919311722453915,0.854837242109524,0.957494825273758,0.958571003327896,1.037201582802460,1.135136346904720,0.912498628003815,1.294729262226550
3,Seri,38.799999999999900,213,-0.035649137102774,0.083775195720603,-0.036107013421296,-1.973385564220960,-0.229623039794198,0.048754487828116,0.072008154610145,0.245086594182329,0.654214902470137,0.847765827221875,1.239305783771250,1.189485807702910,1.443719025010220,1.542098594206840,1.750213555397630,1.684460863344720,1.369650099505870,1.535430672400200
3,Prunus,49.200000000000000,214,0.023324391718649,0.123696794471338,-0.050836562937526,-1.964071869898220,-0.227815725397685,0.116694668797524,0.211793718993513,0.509611342889383,1.068413562706140,0.929082008577631,1.267039499553810,1.091602398345700,1.163915842992040,1.244858750002740,1.321549136635380,1.305050743041010,0.837296377701033,1.090215941683320
3,Rio Grande,41.399999999999900,215,0.029225599112694,0.140066874381999,0.030262154962322,-1.956132023875630,-0.252538308467949,0.159149871315174,0.109640148085282,0.269372465214900,0.551971834881977,0.679114128686099,0.914460565572162,0.983334434621316,1.027821523294020,1.201195307611570,1.218314830222450,1.267680018724640,0.829861909131425,1.160166654313760
3,Mykonos,36.399999999999900,216,-0.013910958438024,0.173859807681241,0.037916352929472,-1.962931809934680,-0.351105242595218,0.171315439856930,0.149369613129971,0.356974410700069,0.589232067083018,0.708618154658428,0.919368195602625,1.010000545375880,1.054988005741430,1.197371609887490,1.136485841305170,1.111491031732060,1.031585556339360,1.326773017466590
3,Rio Grande,7.800000000000000,217,0.030475618638103,0.215547055586652,0.138189991514265,-1.988806217884920,-0.310654097482400,0.266319769272740,0.223529040285582,0.343934968437465,0.550078925566452,0.563995854019625,0.753960610515587,0.730052670817511,0.767560016951230,0.855816143788407,0.742671209159338,0.638789792235695,0.617905259008782,0.983520191498942
3,Tam Hot-Ty,26.000000000000000,218,0.082321066680681,0.285773971558976,0.218311459105555,-1.832824037592120,-0.157458920836218,0.263079762730877,0.304679984889510,0.437187859928954,0.707987952669609,0.774166890975940,1.082598767523420,1.075520993260130,1.183863849486800,1.208557615355720,1.141003144781890,0.974545106657528,0.969039448524557,1.268670591882130
3,Seri,19.000000000000000,219,0.011449042087350,0.207322945827325,0.097547670858107,-1.853611668523540,-0.131031277291774,0.246574679868344,0.242386929463343,0.380267494651180,1.014919999946150,1.255024803278270,1.735689643830680,1.377637166068440,1.442586552127180,1.541615513650050,1.713716881306190,1.671864033101540,1.296310419317010,1.418121001336710
3,SV8579TE,26.600000000000000,220,0.016245457565713,0.201227846814541,0.039592632391952,-1.808253780611700,-0.102957181251919,0.183754033270876,0.208210784817541,0.287240713054189,0.836077031432392,0.784727839390218,1.211013332742120,1.099529562585000,1.196828200169520,1.359946353549310,1.593131056363900,1.184466687020970,0.811470838615323,1.271385443409490
3,Prunus,37.200000000000000,221,-0.027902241635774,0.128117847318868,-0.032845511890749,-1.864933032119690,-0.130601205257696,0.139792755133860,0.217870515139372,0.444255675093548,1.388652915453300,1.568882145855580,1.951423987136000,1.616181173987810,1.768716664208170,1.849315521807260,2.197963502573780,1.478199672650890,0.860915321436010,1.244943250219760
3,Mykonos,25.199999999999900,222,-0.014161283864217,0.143708411612139,-0.035171371278042,-1.850728222831510,-0.015218751462231,0.122669068376320,0.172662611272083,0.276483211873690,0.720767840896983,0.740636190769449,1.147273885595590,1.150015559189930,1.423316649143990,1.306667964448870,1.505073737203050,1.088355345663890,0.855577801636273,0.961717636599378
3,DRP-8551,14.199999999999900,223,-0.031120029496349,0.131832651020513,-0.077325923616539,-1.906448105731120,0.019862041695094,0.109686120137484,0.197021604512953,0.306039423368392,0.990621640866653,0.997351256489263,1.496385587775210,1.342834233284370,1.600528076347500,1.414197594875310,1.635032279167090,1.156588980596700,0.891610027821688,1.063135747908490
3,Rio Grande,8.199999999999990,224,0.008929265212800,0.161327843806680,-0.054286443873890,-1.848209507502420,0.156912865052050,0.154933476596698,0.265890733609177,0.366661368740402,0.906766528479304,1.023046094052290,1.577823007917560,1.445595339499620,1.685988584401270,1.516462900396260,1.780270825927830,1.375056228191230,0.880595696639006,1.224250510601080
3,Shorouq,21.800000000000000,225,0.019929133618961,0.161745264132020,-0.043842456037713,-1.808977294324820,0.237273635294316,0.152531730424651,0.286798451836648,0.368798427195028,0.931232218181836,1.112699687008640,1.678436873786420,1.659682578684810,2.163885224237300,1.992639229444680,2.280572937840990,1.689785536134390,1.280661913896750,1.544769367518440
2,Seri,21.800000000000000,226,0.051244082874755,0.179263054223205,-0.026289475307396,-1.716713715094360,0.251621733113968,0.168009247310010,0.280024212983835,0.355906739970309,1.027233593595950,1.033511170978380,1.670210322949110,1.458070220001570,1.834930928354520,1.640547931106470,1.990232097255670,1.735659984028160,1.406766605519840,1.608747463875920
2,Mykonos,11.199999999999900,227,0.013356228314163,0.125991460456546,-0.101629075190302,-1.717194708236990,0.206805227783981,0.116542864963249,0.251814126759597,0.313660323513756,0.780958681359025,0.618652209300878,1.008216462949240,0.902233983285173,0.952467454288101,0.909660651290696,1.094296462863340,0.692453222065233,0.472537894740253,0.844886705491734
2,SV8579TE,29.399999999999900,228,-0.017742545064322,0.091580003961785,-0.142191144523367,-1.758398614466200,0.172215679089220,0.080609950229634,0.243272397052337,0.295276712480681,0.783385964801004,0.657141310842965,1.072076547000720,0.931254973480168,1.204161974101810,1.086678619562170,1.334212514569650,0.848434382289099,0.480356372635116,0.922865712185421
2,Tam Hot-Ty,7.400000000000000,229,0.025071792574340,0.108369374436439,-0.113076173500312,-1.724896928567060,0.271023401473750,0.094758905497888,0.205074097869461,0.261063777025718,0.624284614790422,0.542958071141533,0.917821734132776,0.769936611817373,0.856975842392200,0.823182079213593,0.963919173632242,0.782212383949115,0.660062985800670,0.960217835202411
2,DRP-8551,17.199999999999900,230,0.082872897804138,0.186710251801613,-0.058723342950945,-1.675119956023150,0.385003963558359,0.196573109594111,0.277602538003924,0.320036482433131,0.843023184908847,0.837815343795134,1.245073613187450,1.133567530495900,1.393538616225120,1.371098851703770,1.679966277275050,1.269000334109400,0.913454429542614,1.246350496032550
2,Prunus,35.200000000000000,231,-0.241641218239049,-0.134952688158298,-0.372369529337398,-1.950277485838710,0.105334451691650,-0.099053884518602,0.061858121272307,0.134028073894638,0.851777802584068,0.802356543274809,1.244015289771450,1.014765667877570,1.269866649268430,1.158570590454990,1.385819437911270,1.365268372976200,0.746686754564898,0.939764611078103
2,Rio Grande,15.199999999999900,232,0.021937483132132,0.082944573878479,-0.153025419719738,-1.573147868486500,0.299917373554810,0.108968984639940,0.192876938445178,0.152970874504281,0.225353468394715,0.194037604674153,0.419220916592322,0.431044546175001,0.406622511286179,0.357086678438897,0.497776204375217,0.548741505922193,0.301044713098800,0.705769144264785
2,Shorouq,46.200000000000000,233,0.001611289045317,0.079070252913918,-0.154261398186031,-1.444516023067690,0.290994777881095,0.115305056845056,0.250043465228718,0.293515282269404,0.974454911605095,1.138940424144670,1.700939393184450,1.385035094557980,1.646124996525390,1.632163186446170,1.851266462227350,1.751059712837040,1.100573048366250,1.390916441369850
2,Rio Grande,13.400000000000000,234,-0.005763507288695,0.041319825975035,-0.188286453094539,-1.464334060881680,0.198069309192048,0.074833988458953,0.159900718214770,0.179563151318008,0.603790224291782,0.522750603412052,0.849716642113484,0.699591412441384,0.870484876953519,0.706537577068208,0.884918043369970,0.917382245635568,0.578837235441322,0.889962944350769
1,DRP-8551,29.000000000000000,235,0.073627137058514,0.123839975444248,-0.098975753516232,-1.415192027170570,0.215778100158346,0.141232836372358,0.311105866786269,0.270118966882301,0.771742879554035,0.719404228848614,1.170155338036280,0.981785553436865,1.172326771636580,1.195754927230460,1.455677674493770,1.316502114276580,0.616528119169853,1.000647446402580
1,Seri,33.799999999999900,236,0.053939310826189,0.075309961736548,-0.133237890006524,-1.319350643928010,0.127844249155533,0.154936988056935,0.285221779577819,0.297513627930051,0.785412358020350,0.784450134032499,1.173479591044780,0.941362733411051,1.164270276409620,1.049278137250390,1.207203748834370,1.260329870992290,0.850226419858595,1.167540640282540
1,Prunus,4.000000000000000,237,0.045449984011026,0.048990450252377,-0.141691268658923,-1.080241078793990,0.045519850327598,0.087593864928388,0.217912492047166,0.194424530500919,0.505734211677758,0.506895330318771,0.843114020216838,0.707344042865088,0.694569260046458,0.687752825380115,0.813808167841986,0.993413343694275,0.556625579833979,0.800113156617491
1,Shorouq,16.000000000000000,238,0.017133969809734,0.033626604015173,-0.138887455449627,-0.896560976650467,-0.009713631770605,0.066775671578488,0.202649475598512,0.182861915758916,0.522359276125437,0.518980915556707,0.830956287023752,0.770775491568156,0.804237532657708,0.854516103392740,0.989540364953451,0.970323401517427,0.769160935755996,0.999244019124548
1,Torero,17.399999999999900,239,0.023871932273233,0.019843971898099,-0.124535988930414,-0.716414220032908,-0.083661197618904,0.072463132671908,0.240869665153812,0.209664985150494,0.562991758521961,0.527756065245931,0.748660481407956,0.580655368092591,0.533417108809894,0.573025637766930,0.635000659553431,0.608782351153456,0.405904986028485,0.817711674679054
1,SV8579TE,23.199999999999900,240,0.050803308087742,0.052903678899504,-0.070383948001358,-0.554099281929688,-0.082219805011881,0.106090364348764,0.268643148814531,0.216132116690131,0.632783933467858,0.774222872222329,1.188703856068860,0.997858527418727,1.179329612001710,1.272195386510690,1.439371767954560,1.071091628505020,0.762257072224972,1.118507657577870
1,Rio Grande,18.800000000000000,241,0.044787591384665,0.034210628938902,-0.081555469036193,-0.446003454229213,-0.129960468456211,0.083667909549021,0.202524823756508,0.133568542816270,0.451031950789711,0.676596620323007,0.879816111920239,0.672581877807971,0.731230356550494,0.730308522597290,0.844624249100946,0.755431259991640,0.530138171404491,0.838123102002041
1,Tam Hot-Ty,23.399999999999900,242,0.037541749878350,0.038070302013210,-0.054562860273888,-0.326291305860554,-0.203216633808614,0.118771247104870,0.224320987579501,0.189301723422199,0.510157105682213,0.658113603415240,0.755284206297784,0.758574031856422,0.848984379751459,0.913228417856384,1.004891970558750,0.837194656865167,0.575120516062413,0.779736203972733
1,Mykonos,33.399999999999900,243,0.158760220854683,0.181430971922037,0.111052808506412,-0.090996738371709,-0.225826540020610,0.238340089239597,0.384284312343174,0.273102694149921,0.552714932052339,0.810798985062691,0.975274692886018,0.956895590605221,0.959423799427397,1.056768250464980,1.098406270434310,1.212672427606870,0.739404067087157,0.992695458926007
