reps,variety,Yield,id,CC160323,CC160328,CC160329,CC160331,CC160414,CC160419,CC160421,CC160425,CC160504,CC160510,CC160512,CC160516,CC160523,CC160524,CC160525,CC160609,CC160616,CC160622
3,Shorouq,24.800000000000000,1,8.435725348477020,15.097941567065000,18.433786078098400,18.821856653620300,28.851830553958200,30.729009552538900,32.429526994744300,31.784343103286800,24.234972677595600,27.220320308503500,36.249151967435500,33.850845025510200,29.408095668258200,32.129462946294600,32.433393944185300,26.323430868885400,39.238952536824800,25.379710144927500
3,Mykonos,36.200000000000000,2,5.576068376068370,12.617592457395500,14.690152801358200,18.029048500895300,29.101636848115700,27.547511312217100,31.028029941073400,26.306302088210500,26.018735362997600,22.750672750672700,31.949626865671600,25.641229254347600,23.854508065034300,24.853735373537300,30.326508024349700,21.310677463604500,30.633560168834500,43.088256536183700
3,Rio Grande,10.800000000000000,3,4.954800712231200,8.899636243386240,12.587011884550000,12.029109589041000,25.493784793716100,26.029160382101500,29.362004901573200,26.200564971751400,20.480093676814900,25.666856123708900,35.816631130063900,31.788105867346900,24.852730115888000,29.559125723893100,31.216640502354700,25.841396952508000,53.055818761305800,68.780875343059300
3,Tam Hot-Ty,17.800000000000000,4,3.784615384615380,7.802124833997340,12.446663253114800,11.286081213307200,20.793578676359200,20.422322775263900,25.571191398529500,24.783427495291900,20.086342229199300,24.703891708967800,37.219616204690800,32.395966198979500,27.205185631837300,29.635718288810000,28.306010928961700,30.291163325810800,50.973587815693000,70.738119312436800
3,Rio Grande,38.799999999999900,5,8.886594389950090,14.921563745019900,16.086587436332700,18.496222126666200,23.122065727699500,22.435394670688700,26.066938906237400,23.180320150659100,25.394223263075700,21.130917247078200,30.686058344640400,26.424984056122400,22.939828202986000,25.418166816681600,27.735188898061800,18.690571403181300,22.344732535102000,33.475371948577200
3,SV8579TE,36.399999999999900,6,7.695749440715880,15.640057570764000,18.373442566990900,17.054180887372000,35.093262276360800,34.787330316742000,35.573750943996100,33.256859256484600,26.811337814993900,32.503049620273000,43.046132971506100,36.675136980862300,33.190624459436000,35.680926583224300,35.427786499215000,33.048604159715200,41.492620439988800,28.356714880529200
3,Rio Grande,1.400000000000000,7,6.629251700680270,14.954764276228400,18.310696095076400,16.438356164383500,28.047202131709100,26.787330316742000,28.355658015024400,26.563088512241000,10.918367346938700,14.973639339121500,31.159914712153500,26.024378623044500,15.064309373252400,22.714365776200200,24.164715066354400,14.839283728172600,27.573434404341400,18.910876787519800
3,Prunus,33.399999999999900,8,4.962585034013600,11.848439575033200,15.213773681515600,15.543549794150500,27.780738484963800,28.259426847662100,33.706221835718200,32.940818428691800,32.495970436765300,31.655058434659400,43.033412483039300,35.765901691415800,32.231458351279100,35.497851671959600,38.196721311475400,21.348014681348000,21.091189512242100,29.625884732052500
3,Seri,27.199999999999900,9,6.405093787644120,14.583333333333300,18.153650254668900,20.364560216715800,36.075371145793600,36.812468577174400,41.041567128523600,40.313088512241000,34.566744730679100,38.971106412966800,44.788839891451800,41.705346738035500,36.634834602314200,40.467027834858900,43.244093249990100,34.286352468170600,48.441616862669400,53.921710241224900
3,SV8579TE,17.399999999999900,10,1.452417828256750,3.807685922974760,7.232597623089980,6.929546562652360,24.815069015480800,26.055304172951200,30.105146651909200,28.122951587227200,19.711163153786100,22.564333731846400,31.699457259158700,27.523118622448900,24.842794383667800,28.915391539153900,29.687743950039000,24.299855410966500,38.056680161943300,57.238191535461500
3,Seri,41.200000000000000,11,5.962585034013600,13.746279761904700,17.007640067911700,20.814521189488600,28.408831366577800,31.282051282051200,33.801090995335500,32.730124543496500,31.955503512880500,32.350116614076000,44.012890094979600,39.009767331056900,32.022363601310900,39.717915187745100,38.754879000780600,28.838507929417000,28.340685002594700,30.736674851942700
3,Prunus,15.800000000000000,12,5.931623931623930,10.582669322709100,13.760304375396300,12.993770948438100,31.572769953051600,32.153445512820500,36.128364389233900,36.982109227871900,32.346581750992600,34.078748799560900,45.965884861407200,41.018819979353600,35.099152578827300,42.724272427242700,40.082219938335000,34.677239222693700,40.057408478461100,25.052722808031200
3,Rio Grande,35.000000000000000,13,6.969387755102040,14.336404382470100,18.328639699607400,19.805935199498000,33.104552733928100,35.187531422825500,39.034706300893300,39.254611855042600,37.511773940345300,42.944892944892900,53.014755766621400,50.085364885253700,41.640106813679000,51.430768076807600,44.663609771523400,32.682599955327200,31.148383779962700,9.253213924599160
3,Tam Hot-Ty,28.600000000000000,14,4.386385426653880,11.487383798140700,14.040365250042600,17.496467842005000,20.350598212933500,22.992788461538400,25.513732660280600,22.299905838041400,20.234192037470700,16.806146247770600,26.409381663113000,19.467164297625600,12.046687914549000,20.646366523444700,22.950819672131100,13.940726917266500,15.388899599425900,31.848909432327000
3,Prunus,17.000000000000000,15,2.789743589743590,5.509213147410350,8.741511035653650,8.293668406311690,24.606239588066000,27.710336538461500,31.777215590165200,29.891713747645900,28.485558157689300,32.176415315950200,42.444029850746200,36.456761693004000,31.951503144112300,36.934429291985800,35.784543325526900,33.386196113468800,37.960285328706300,51.809908998988800
3,Mykonos,35.200000000000000,16,3.485823859745240,8.820966135458160,13.996179966044100,15.435530437987500,35.827041866849600,36.138763197586700,42.104217178743100,39.710451977401100,34.681762786492100,35.654508750955400,44.234006734006700,42.460096879218600,33.174817385343700,39.364253183381300,38.559718969555000,23.405627850072200,31.499689394426200,53.716596851076100
3,Rio Grande,41.600000000000000,17,6.893822061607290,11.726086595196500,14.631336405529900,17.306662177260100,25.282729538048600,29.460030165912500,33.303027907344400,35.348399246704300,46.381255651216700,44.851060480856200,62.135345997286200,55.528539540816300,49.124618230309200,52.770409116383300,54.371584699453500,33.391168946724500,19.906968731156800,18.795319947999400
3,Seri,24.800000000000000,18,9.117191533298910,17.513280212483400,21.099320882852200,21.618150684931500,32.893033878949300,34.306891025641000,39.405160057333900,38.858286252354000,31.576050634901900,35.515287451304400,50.033921302578000,45.691167091836700,40.108819056187400,48.567158602652700,45.482731554160100,29.518794988003200,42.930054268240100,15.260725119167900
3,Tam Hot-Ty,22.000000000000000,19,5.895715023231800,14.213376322751300,18.337173579109000,16.125069107439000,29.047510104476400,27.042735042735000,29.469933541516500,28.625235404896400,16.417030310178000,21.001062448353200,30.277185501066100,26.959103954081600,18.694547333965000,29.965496549654900,25.335675253708000,19.144516417243600,40.080440486944500,21.248013866820700
3,Shorouq,37.700000000000000,20,6.938564790913780,14.201527224435500,16.353989813242700,19.677901023890700,32.621535665606500,35.509301156359900,35.615463673017600,32.620056497175100,34.699453551912500,32.497109146855300,45.212856173677000,40.159215437147600,30.642663569492800,39.320007472445300,41.206088992974200,25.699813383097800,16.567729169355100,16.738408204535600
3,DRP-8551,22.800000000000000,21,2.263247863247860,8.003403054448870,12.555470216760500,11.388297953748900,28.850399695470100,29.903846153846100,34.334730018183200,34.307909604519700,26.007025761124100,26.340849171683700,37.756734006734000,34.020884618438800,29.240183359280400,33.073043153371900,33.422291993720500,25.001106243639100,24.411752054028400,46.076845298281000
3,Rio Grande,11.199999999999900,22,2.963345379452760,6.106822709163340,9.688030560271640,8.771178010070550,22.291587362009800,22.998491704374000,25.911139220491700,23.516949152542300,11.635441061670500,11.968522433638700,27.348484848484800,21.607242118637300,13.405985123681000,17.296729672967200,22.306791569086600,17.864641501005100,41.338667354927500,60.170446338292600
3,DRP-8551,63.399999999999900,23,5.996598639455780,14.541832669322700,15.841142347166400,14.834227206240800,28.058271036994400,28.396178984414200,30.764338805198900,29.569716265567900,34.917582417582400,34.596162514944200,41.633862433862400,36.754546176447200,30.478508054095900,35.948066504763600,38.445726934935500,34.492270047825500,27.116937643253400,17.553083923154700
3,Mykonos,24.000000000000000,24,8.246429186026500,15.272244355909600,17.739802013995500,15.643030961600200,31.431290445374900,28.167067307692300,29.749387303344100,29.216101694915200,22.388758782201400,20.748179469109700,31.088873812754400,24.914301658163200,20.563051375194600,24.423687651784000,24.366080905767100,14.549921822649000,33.720377097387900,19.445327170301800
3,DRP-8551,9.400000000000000,25,8.506802721088430,14.907038512616200,16.481324278438000,13.639004403131100,30.300620929880300,25.793269230769200,27.480433235828900,25.313088512241000,14.604709674883000,15.806870499350700,27.183683853459900,21.923076923076900,16.661641829614900,22.873537353735300,22.589141801313000,11.663556384964000,18.783068783068700,23.240579710144900
3,SV8579TE,52.000000000000000,26,5.080020650490440,11.103502656042400,12.011884550084800,11.596477328132600,25.034075420263500,24.046254399195500,26.246217550565300,26.044105253300800,28.655108699925300,24.451717852733000,30.606060606060600,27.564917017390600,23.136318664773900,27.087083708370800,29.508196721311400,25.843198570471200,21.224243988471600,15.237681159420200
3,Shorouq,23.600000000000000,27,3.318038624845910,7.304116865869850,11.437532002048100,11.948453450466000,29.756565075714000,29.136249371543400,34.330777136532500,33.203860640301300,27.080405932864900,36.079790149557500,43.750000000000000,46.998332406892700,43.549705338323200,49.439318931893100,47.045642174784700,36.116116116116100,31.012576449306500,25.322836920410200
2,Seri,37.600000000000000,28,5.775253828945100,10.933349933598900,15.510325994196900,15.115015534366900,31.739626950894500,30.932372949179600,36.002846074788500,33.241525423728800,27.813971742543100,30.629324030339200,35.104308005427400,35.235845310887000,24.220808431334700,37.152933273622900,33.983516483516400,31.905238571905200,36.949780342837400,28.877654196157700
2,Rio Grande,39.399999999999900,29,4.050814956855220,12.354747675962800,14.980899830220700,15.673567172430700,35.646675753445400,36.613373554550000,41.730593425811800,39.698681732580000,34.668227946916400,36.252278384258000,43.758417508417500,46.857381084729600,36.417865449220400,47.616289930879800,46.276346604215400,33.070848626404100,19.437482595377300,16.316625740286000
2,Seri,59.200000000000000,30,8.463259335742550,18.670866273127300,22.237156511350000,20.693838687880000,36.718420548207700,37.261618589743500,43.035022531425400,39.679849340866200,46.217092260257700,47.650808641246600,55.078891257995700,50.956632653061200,34.505066084013400,53.283453345334500,48.770653806625000,36.167076167076100,52.625118442587600,22.425249169435200
2,Tam Hot-Ty,1.200000000000000,31,4.319394252280150,8.569887118193890,12.448796722990200,10.885518590998000,26.916634944803900,23.165409753645000,26.030446361143100,24.766949152542300,11.022638563622100,16.611854983948000,24.844349680170500,23.844596204240400,9.947520110121730,28.624737473747300,25.234894051971500,20.730399821308900,32.686818889465400,22.389137657085000
2,SV8579TE,48.399999999999900,32,4.174085741679220,10.607569721115500,13.361921829663700,14.487524461839500,23.250910484953000,24.270833333333300,26.488259941497300,23.874764595103500,25.023419203747000,22.356584285518200,27.647306397306300,22.811702806122400,23.880179171332500,23.116009714178900,24.039784565789900,24.128573017461900,17.807304677405400,13.000144446049400
2,Mykonos,20.800000000000000,33,3.023809523809520,8.405959495351920,11.820882852292000,12.978466153445800,27.778416714586900,29.134238310708800,33.498946698994300,29.237288135593200,17.576112412177900,19.665132019045300,28.154681139755700,25.792106725958800,18.257181415076100,26.443116009714100,25.460577673692400,22.866056020177800,33.395454448086000,38.052867254080600
2,SV8579TE,20.800000000000000,34,2.085034013605440,4.511122177954840,8.877334465195240,7.037365459882580,17.938815689837900,17.417797888386100,21.695091680678900,20.528607547523100,18.563509847859400,17.007043639082300,27.090400271370400,24.023266894306300,17.772848651908000,24.056780678067800,23.103044496487100,26.028250472694900,36.303609067836700,37.557417304636700
2,Seri,60.600000000000000,35,6.112176414189830,13.956673306772900,15.797962648556800,18.950397159430000,23.858003507969100,28.380090497737500,30.788187129854100,28.394538606403000,29.516003122560400,25.295591574661300,33.204715061058300,29.145160009529100,27.988237329181800,28.889138913891300,28.415300546448000,18.858610676792400,17.328316900190200,12.708363426260200
2,DRP-8551,32.799999999999900,36,6.023059714334880,9.550677910052910,13.488964346349700,12.024622135543600,25.989476092427300,27.294117647058800,31.105225709542200,32.631826741996200,33.259172521467600,35.588084838468400,38.984056987788300,37.150553726429200,29.989663192350700,36.659915991599100,35.354011872469200,30.696895242349700,30.865625602467700,5.370504116712400
2,Rio Grande,17.399999999999900,37,7.090598290598290,13.655793492695800,17.691001697792800,15.602924012531400,35.029532030895000,36.609351432880800,41.631749545418600,40.320150659133700,28.953886071470600,39.166961791209200,43.910447761194000,42.420392281426100,38.088811773022300,42.259225922592200,42.332036010535800,21.790679568457300,32.444358760148200,16.702296692185400
2,Shorouq,54.799999999999900,38,7.057252431173810,14.931938911022500,17.534988905956600,20.046220480876600,32.717929196802400,37.463942307692300,39.457664637520700,35.167137476459500,39.206667452922900,37.776994753738900,44.614993215739400,43.879536250297700,42.730758520232200,40.511862507005400,43.257456828885300,31.673775881987000,24.618830217934300,12.559300149429100
2,Tam Hot-Ty,19.800000000000000,39,1.734641197728440,7.366071428571420,10.349462365591300,10.079806751467700,25.356516434073000,23.623931623931600,29.172266582338500,28.272778350032700,20.644028103044400,20.829821845050200,26.785108548168200,27.302866671960600,20.101535891009500,27.953420342034200,27.146781789638900,22.013124235346400,24.107276738855600,19.432327025855800
2,DRP-8551,36.799999999999900,40,2.171743245568740,7.775149402390430,11.665959252971100,10.068259385665500,26.726487960018100,27.802483974358900,33.626137763822000,34.336158192090300,31.200941915227600,33.075591232833500,41.479744136460500,38.169642857142800,27.218106641398900,39.678967896789600,39.985061131422700,30.710297073933400,25.662446715078200,17.748086089845400
2,Rio Grande,29.199999999999900,41,4.184358307081220,12.392526455026400,14.189303904923600,13.583313018039900,22.870433920536800,23.048768225238800,25.112657127045600,25.110640301318200,27.392661982825900,27.461877461877400,32.634680134680100,33.836258238704000,34.008097165991800,34.106108724079900,37.263856362217000,24.019575130686200,18.002270633849500,12.834031489238700
2,Mykonos,33.799999999999900,42,7.141627946997070,13.275049603174600,17.065625533367400,14.461883408071700,36.559139784946200,39.724484665661100,43.129695138916400,44.147392077909900,32.174254317111400,40.565852122929200,47.159090909090900,44.868180735329100,38.178780284043400,45.837083708370800,41.097613712308800,25.917028139250300,41.387657177130800,10.332225913621200
2,Shorouq,40.200000000000000,43,10.094507601698300,17.150149402390400,18.119694397283500,16.901085109964900,36.421773886562600,36.563097033685200,40.539674913924200,40.863935969868100,29.067135050741600,37.716310390728900,43.756929637526600,42.552216198979500,33.129468515806700,40.363411341134100,37.552693208430900,25.552015575910400,26.840605787974200,7.293081034233710
2,Tam Hot-Ty,50.200000000000000,44,2.442176870748290,6.896908068783060,7.392533095344340,6.810922046808770,17.312523791397000,17.114127702362900,21.665744327614800,20.807438794726900,24.726775956284100,21.288466055907900,26.494107744107700,27.186304209183600,26.401256076052800,25.499719783299000,30.192239650902200,21.483705928150300,21.978637264191500,22.384804275603000
2,Prunus,0.600000000000000,45,2.199277232834280,6.384877158034520,10.458766282059400,7.272810665362030,13.474935635317200,10.276520864756100,12.704561625424900,12.335216572504700,1.124346424499740,3.753984181324510,9.872068230277180,7.653061224489790,6.359916886232670,7.650765076507650,8.963321146361590,12.968505695778400,32.095787750882900,48.721652462805100
2,Rio Grande,3.800000000000000,46,3.162966787127860,7.839475431606900,10.887096774193500,9.105919765166330,29.219858156028300,27.594150641025600,30.844335520594500,28.027306967984900,13.886473238991200,17.780518361913700,20.488466757123400,21.176447232589500,18.636402790938000,18.793129312931200,20.113192818110800,19.995551106662200,29.231197652250200,41.295681063122900
2,Prunus,7.400000000000000,47,2.653588022715540,5.508854633820730,6.691426146010180,5.568126223091970,23.580601878474200,24.074409250879800,28.741402482409600,29.059368854761600,30.148995557652200,25.043066322136000,35.770013568521000,39.984515206860900,35.429408217762000,37.738841618151900,36.178766588602600,27.426848335939200,22.172953751901100,21.734797053300500
2,SV8579TE,33.799999999999900,48,6.060813587179830,14.375830013280200,15.216468590831900,12.851962457337800,30.914318573893000,28.601307189542400,31.135531135531100,29.696132596685000,23.996877439500300,24.129382599456900,28.188602442333700,27.622488684189600,23.006400276768700,28.883513351335100,25.952380952380900,21.996356527148300,23.441734417344100,3.224035822620250
2,Rio Grande,22.399999999999900,49,6.597831698502840,15.423124256899100,17.050084889643400,15.902389581669600,32.824514655500500,33.472096530920000,36.508814926081100,39.074858757062100,27.158555729984300,31.371738873804700,36.834294436906300,40.351782736440800,33.405116719786300,37.498598916495400,29.233007036993300,24.532052713870800,27.375312257731000,5.540950455005050
2,Mykonos,31.600000000000000,50,4.677336086732060,12.757304116865800,14.955623826591500,15.953718299943300,25.631053153359200,26.334841628959200,27.842919034937700,24.698005431220100,27.916027833470900,21.380553867863500,25.959788359788300,26.550464543794100,25.087108013937200,21.051746684102300,25.546448087431600,7.236125013902790,10.399931452563000,19.741441571573000
2,Shorouq,24.399999999999900,51,5.414965986394550,12.024817397078300,14.940577249575500,13.799670892247600,29.554625047582700,28.933132227249800,31.927425092892700,29.162374754190400,16.834504293520600,21.948924994610200,28.413299663299600,29.679186849837200,26.660612350804300,28.146833551279600,30.749466360977100,25.392058725392000,25.528025121521000,38.603206702296600
2,Rio Grande,8.800000000000000,52,5.228015832042670,11.736387782204500,14.300648574842100,13.171928327645000,25.272173582032700,22.985194077631000,25.847893114080100,24.613727877142000,10.433620316861200,15.875193540168100,21.856060606060600,23.701659652187700,19.769509243193400,20.904165888286900,20.965463108320200,20.352670472144700,23.006233532549300,40.431893687707600
2,DRP-8551,40.000000000000000,53,5.176068376068370,13.771995351925600,14.886916085394200,16.312427053258700,27.076513132851100,28.535657051282000,31.258958432871400,30.426538065361900,28.489461358313800,26.787470979419900,30.968013468013400,30.046454379417100,27.429149797570800,25.151890189018900,27.350863422291900,19.227161045342800,13.786542120740300,15.025278058645000
2,Prunus,24.800000000000000,54,6.339700567888480,13.396414342629400,14.490527393753100,14.683027212973700,31.994670727065000,29.622926093514300,33.504624871531300,35.251883239171300,24.484019341903500,31.330968386805900,37.228629579375800,33.605707908163200,32.984169826275000,34.432193219321900,30.835949764521100,26.975653339289700,25.910931174089000,6.913187924310270
1,SV8579TE,36.399999999999900,55,7.279297883324720,14.045899734395700,14.777164685908300,12.153694944406900,32.210082422848300,31.434891905480100,35.417819590481400,35.503766478342700,26.076188229744000,31.581317046433300,36.541723202170900,35.581275311681000,32.565251098285800,36.569906990699000,29.631083202511700,27.681507153647900,23.962117280747200,5.928065867398520
1,Tam Hot-Ty,46.399999999999900,56,3.589743589743580,10.236138778220400,12.448796722990200,15.061250609458800,26.237321741782900,25.192307692307600,27.476480354178100,27.238700564971700,25.490427330266900,22.919371974973400,29.074796472184500,29.488201530612200,27.455390613285300,25.410666066606600,26.512560443448500,24.558856377038100,21.586699974157900,20.002888920988000
1,DRP-8551,43.600000000000000,57,2.955074647308580,8.069804116865860,10.545741594128600,9.967698683568990,26.381947599575900,26.596554487179400,32.536168867104100,33.585216572504700,27.142857142857100,33.292015897375300,37.360074626865600,38.085937500000000,31.298992161254100,37.843159315931500,33.356752537080400,30.643977310643900,22.458811889706100,25.065722952477200
1,Seri,11.800000000000000,58,5.613675213675210,12.520750332005300,14.880952380952300,15.843627690802300,27.423167848699700,26.541980894922000,29.655391708732400,27.780131826741900,18.384074941451900,25.074387283689600,28.375420875420800,31.547288175970700,31.126962705910000,33.269576957695700,31.784408538742700,23.026580299307500,15.339631129104800,17.085078723096900
1,Shorouq,37.200000000000000,59,5.143131077934520,12.018592297476700,13.620071684587800,15.875733855185900,27.525367257307200,27.816993464052200,31.188236224207400,31.440677966101600,36.148130675787200,32.430252233109000,39.091684434968000,44.734534438775500,42.531568932710600,39.970110218569000,41.182669789227100,29.624748715657800,25.722425722425700,21.476238624873600
1,DRP-8551,41.600000000000000,60,6.622380495822490,15.332420318725000,16.812222434712300,14.752134652005600,31.402392851734000,30.188301282051200,34.121675426023200,33.206214689265500,25.737833594976400,26.521024195442700,29.274084124830300,29.750655125863500,28.749946229621000,29.994395665981600,29.559303376970500,25.093982871760600,21.725383920505800,3.122053127130810
1,Seri,32.399999999999900,61,8.095238095238090,17.673057768924300,19.318569721795500,18.919787569445500,36.638649098894400,40.299648064353900,43.896321070234100,43.260357815442500,31.768149882903900,39.039074489434500,43.656716417910400,44.778845390296100,39.280337247816900,42.308985615542600,36.792860793332500,30.937604270937600,33.564694689500000,5.776958899737410
1,Torero,23.600000000000000,62,3.372913440027530,8.082254316069050,10.443548387096700,10.438294735548800,26.726487960018100,31.143288084464500,32.461544576493500,30.859631051596500,30.994221016629300,27.252415577288600,31.118554952510100,30.912014611291900,28.106852497096400,28.434522697552700,30.318602261048300,23.363859727496000,20.947110000861400,17.519476562840000
1,Prunus,8.699999999999990,63,4.577525382894510,9.538927622841960,12.430775734517000,13.426896646719400,20.407390580039300,17.760416666666600,18.906632935409900,17.136435995879700,4.768445839874410,9.249203163735090,13.746607869742100,14.551735090923500,12.531328320802000,14.087427610685500,11.233411397345800,13.667634576725400,17.644538697170200,34.196157735085900
1,Shorouq,30.399999999999900,64,4.002753398726550,9.255125661375660,11.869694397283500,12.453511685210900,28.189582856707000,27.814982403217600,34.010192705844800,32.837812529263000,27.408274785323900,35.999291701097800,39.798168249660700,39.637099976177200,41.786089154510200,43.736222678871600,41.679748822605900,34.209765320876400,28.122577310707200,20.556117290192100
1,SV8579TE,50.399999999999900,65,3.105442176870740,10.661520584329300,12.329322409967500,10.903618158363500,23.247921909555400,24.207139265962700,24.579673277952200,23.669962335216500,26.459797033567500,26.243126243126200,29.134158751696000,30.276741046613100,32.358156028368700,29.781430973286000,28.970669618151600,28.916685280321600,25.626030889188700,13.881265347392700
1,Rio Grande,14.199999999999900,66,5.986324786324780,11.749751984126900,15.077231609489600,13.921309662755600,29.547011800532900,30.406650641025600,30.553678604078000,31.577212806026300,14.270550772496700,22.613331242772800,26.865671641791000,28.832509566326500,26.548175056218600,27.480873087308700,22.619047619047600,12.611123520214400,21.318252897200200,7.392748808320090
1,Prunus,31.600000000000000,67,6.198588883152640,14.938164010624100,17.820458404074700,13.970216868945000,34.057860677578900,38.702865761689200,40.410986128224400,45.503766478342700,30.419937205651400,38.692354428395000,41.494233378561700,45.340401785714200,40.361587730008700,43.421842184218400,38.692427790788400,17.324100960464500,22.617194257048900,4.219269102990030
1,Mykonos,43.600000000000000,68,3.772108843537410,9.458001328021240,11.116298811544900,12.503839302168400,25.556565197637400,30.877828054298600,33.492766226579100,32.126135405936800,31.444184231069400,27.070790540274600,36.204690831556500,32.380022321428500,34.529244551640900,29.904726321688700,33.127943485086300,20.830000888651900,16.947759903130900,14.097934421493500
1,Torero,3.000000000000000,69,2.601961796592660,7.395418326693220,10.282258064516100,11.078155577299400,24.276843858852000,22.171474358974300,25.728367582177300,23.669962335216500,6.553445767975780,14.390272695077300,18.868724559023000,19.933693321686600,24.274361116466300,19.884488448844800,19.469164715066300,21.848515181848500,19.786801591420100,44.363715152390500
1,SV8579TE,9.400000000000000,70,3.933918430562720,8.737964807436910,10.844427376685400,10.557350073135000,22.905884608012200,21.792868589743500,25.930903628745300,24.070150659133700,12.876658860265400,18.649903592649400,21.731343283582000,22.458905741284800,24.119217848221200,22.983373809079000,21.616954474097300,26.015188742461400,27.526080157659100,44.706052289469800
1,Rio Grande,24.399999999999900,71,3.637928067458260,11.709412350597600,13.600870455709100,14.269918299649800,25.505079547632700,25.546875000000000,26.833339957867900,27.558760183537700,21.032182103610600,21.715263841341000,25.449457259158700,24.628762010640800,25.010767507967900,23.115436543654300,23.430913348946100,16.696696696696600,7.098943941049200,6.479849776108620
1,Tam Hot-Ty,20.000000000000000,72,6.458019449390490,12.076693227091600,14.680406212664200,12.079562133072400,33.112178753908300,28.112619406737000,30.478579391622800,31.384180790960400,16.498829039812600,21.309959469562800,30.767590618336800,28.019534662113800,30.576441102756800,30.154890489048900,21.266503280891700,18.617377708286700,32.377953430585000,3.697818864654050
1,Shorouq,35.000000000000000,73,9.491850431447740,17.183349933598900,19.132003395585700,18.364726027397200,46.901408450704200,38.186023127199500,42.891211892364500,41.878531073446300,31.375555293470100,38.218628261126100,39.696404341926700,38.567061065671400,42.400873979821300,43.476222622262200,34.629195940671300,24.453342231120000,33.357739684727300,9.477105301170010
1,DRP-8551,61.399999999999900,74,3.489248048212570,10.778691930524300,11.428998122546500,10.983365949119300,23.262276360867900,25.011563599798800,28.705433443300600,28.884180790960400,32.071392066674500,31.369771376854300,38.742004264392300,38.592155612244900,41.796402006573200,40.631421632729300,38.467586586468500,30.732955177399600,14.529675251959600,11.469016322403500
1,Rio Grande,4.200000000000000,75,5.100854700854700,9.680029880478080,10.851018675721500,10.483427103718100,19.505138941758600,16.458583433373300,20.135979128784800,17.552742616033700,5.768930523028880,12.146660402474300,13.100213219616200,14.488207734455600,14.827667459246400,14.304128526060100,12.790423861852400,24.097430764097400,20.733858132232100,43.868265202946700
1,Tam Hot-Ty,4.000000000000000,76,4.937679769894530,11.551709827357200,13.287351443123900,11.230726703114400,20.172648796001800,18.966314731020600,22.307630715029200,15.793314500941600,3.227946916471500,12.778892692716300,12.292232021709600,17.324063283888600,17.653107126791300,20.631421632729300,19.387197501951600,25.959113235098800,21.017125064867600,35.044056045067100
1,Prunus,39.600000000000000,77,3.288888888888880,10.700946215139400,11.847158218125900,10.100436144726300,25.717548534449900,25.733534439416700,28.641837910886700,27.450564971751400,26.182332822266700,25.896025896025800,29.045115332428700,25.019852298896200,25.165819622706500,27.439618961896100,28.118657298985100,20.607273940607200,10.044341623288900,5.618951321681350
1,Mykonos,14.600000000000000,78,6.315608329031140,15.176792828685200,16.931216931216900,15.728853123656200,32.299712252006600,24.675480769230700,26.425013835085700,25.231763273714700,18.835481065696800,20.994832041343600,23.722814498933900,22.679266259032700,27.588220031136400,27.356622454698200,21.178766588602600,12.881393790484600,26.054452370241800,7.001300014444600
1,Torero,16.600000000000000,79,6.033420079441170,11.524734395750300,13.365039103783500,10.142487641378000,24.227865477007500,23.862179487179400,26.527286458126300,25.986346516007500,17.603434816549500,24.109824109824100,26.691824966078600,26.440927933673400,24.480003427371800,27.326732673267300,24.160125588697000,16.716551262005800,21.681454044275900,14.431604795608800
1,Seri,44.799999999999900,80,6.492307692307690,13.112134794156700,15.529527223075600,14.331580234833600,32.526881720430100,32.558092948717900,36.326982370147800,33.455743879472600,27.295081967213100,36.667058178686000,32.420284938941600,38.777503188775500,31.936679305100300,38.145064506450600,32.490241998438700,17.091802546347900,14.921612541993200,14.895652173913000
1,Mykonos,4.800000000000000,81,4.381345723627600,9.215856481481480,11.638370118845500,12.207986790606600,19.412033859528700,19.981971153846100,22.982053917305700,21.279887482419100,6.317568895703110,16.196852243363800,16.443602693602600,23.266894306360600,24.745128403664900,25.845275414240900,22.993754879000700,25.928076837167700,23.785960628065800,34.782608695652100
3,Shorouq,39.399999999999900,82,0.499145299145299,2.170138888888880,2.680194462058760,3.128047294002920,23.977737392094500,30.767697704081600,36.216301683927500,36.776464554630800,46.604215456674400,53.248703248703200,49.015151515151500,49.491781148256900,47.165991902834000,46.363263173607900,50.944574551131900,40.811540333643000,51.144956408114300,64.866387404304400
3,Mykonos,56.799999999999900,83,0.000000000000000,0.010375166002656,0.042274360600296,0.929424670892248,17.065093262276300,26.829562594268400,29.618942208870200,28.279801479539200,42.583918813427000,45.735345735345700,44.089213025780100,42.882537676035400,45.063513484566100,41.464820150571600,45.694769711163100,47.207207207207200,54.375746714456300,56.105909594281600
3,Rio Grande,3.600000000000000,84,0.000000000000000,0.704778439153439,1.082342954159590,2.506399317406140,14.137513251552300,14.742107780612200,15.135583840619800,12.473078003558300,6.280249804839960,11.132561132561100,18.762626262626200,48.352259191614300,15.996757125789300,16.603224361845000,19.012490241998400,25.850701358467100,52.316689158794400,68.409774057614500
3,Tam Hot-Ty,11.600000000000000,85,0.000000000000000,1.031291500664010,2.239323787295780,3.839590443686000,20.520975314251000,22.719087635054000,22.049173847734900,18.939039235883500,10.793318606363600,16.153816153816100,25.298821548821500,45.104423092194000,16.369984791037400,17.440282554140700,20.862607338017100,33.893092614717400,60.381723539618200,70.055083344119800
3,Rio Grande,29.600000000000000,86,0.006802721088435,0.049603174603175,0.226167829211583,1.145782545099950,18.052400424049600,23.752003205128200,25.713495137955500,24.185316977245000,32.224824355971800,29.259779259779200,35.391414141414100,31.310118706670000,30.859199280251900,30.498785727629300,31.713505074160800,26.813133324483300,31.823147612621200,32.782890398784400
3,SV8579TE,44.799999999999900,87,0.357142857142857,1.953125000000000,3.170628183361630,2.849219892735250,19.588884659307100,25.083705357142800,27.081192189105800,30.691075943440300,34.266304347826000,43.061893061893000,42.999491180461300,41.531009290875800,41.256988625409600,41.089108910891000,43.618266978922700,40.048232222664700,43.968896600475500,64.501871580765900
3,Rio Grande,17.000000000000000,88,0.231292517006803,2.367612881806100,3.665110356536500,3.467820575329100,21.694684234438800,27.073317307692300,29.788916119851300,33.011049723756900,34.141295862607300,43.754777257315300,42.007575757575700,40.411621797783800,35.190540453698300,39.399572450971200,39.293520686963300,35.678569848223300,41.696120643489000,53.168730204434200
3,Prunus,56.399999999999900,89,0.003401360544218,0.253154050464807,0.246179966044143,1.825329107752310,22.610934423746700,29.809072066326500,34.291248320025200,28.188451406858200,44.386645962732900,42.896142896142800,50.691146540027100,52.556976097832100,50.941456204614000,53.426898410632900,52.248243559718900,45.424576308686200,55.692650429492500,43.186492355927500
3,Seri,27.000000000000000,90,0.000000000000000,1.172393758300130,2.312407524836180,4.573988298391020,20.879330034259600,30.614237882653000,29.654518143726700,30.277175560062400,44.297423887587800,52.345852345852300,45.433501683501600,52.021568666179400,45.534777113724400,48.225671530811400,50.378610460577600,48.179122970042900,51.470556733714600,45.053285584847000
3,SV8579TE,37.000000000000000,91,0.023809523809524,0.163078256920505,1.568336162988110,3.534861043393460,17.889595638346200,24.515224358974300,28.757214009012500,30.541249180634800,32.903981264636900,48.200148200148100,44.242424242424200,56.465893750496300,47.406978985926300,47.701459243424100,46.498829039812600,42.085933005885200,44.510849774007600,39.930390760955500
3,Seri,40.200000000000000,92,0.000000000000000,0.203552923760178,0.414288733882900,2.632862018527540,19.252612448886800,25.090036014405700,28.406593406593400,26.065174641820300,43.181108508977300,43.797043797043700,45.029461279461200,42.558612652827400,42.195767195767100,43.966911422994700,47.935206869633000,38.065843621399100,42.358031831716000,38.899196042053100
3,Prunus,41.000000000000000,93,0.464957264957265,2.306547619047610,3.849080532656940,3.895965382740120,21.587362009897200,29.202724358974300,33.892007273302200,35.143740050566500,42.119437939110000,46.406146406146400,42.710437710437700,39.587983171700000,36.756420966947200,39.230338128152400,43.423106947697100,38.843287732176600,42.058136794978900,47.171746352737200
3,Rio Grande,14.400000000000000,94,0.649659863945578,2.925796812749000,3.845500848896430,3.967404598825830,18.035782261134300,26.105580693815900,29.322476085066000,29.726566157879900,35.222482435597100,51.819351819351800,45.793758480325600,43.746525847693100,40.083113767324200,43.137035378414600,44.734582357533100,40.347013680347000,44.082428292954600,50.066876644949700
3,Tam Hot-Ty,64.200000000000000,95,0.000000000000000,0.098692326671601,0.091256366723260,1.637920526572400,15.648190216568200,22.197516025641000,25.183808996758600,23.220807191684600,30.460577673692400,27.662727662727600,33.543928086838500,28.779877709838700,26.928432191590000,27.971231085372600,30.113192818110800,24.863932032390800,21.441372247823800,22.518013547913800
3,Prunus,23.000000000000000,96,0.013696753869333,0.262483465608466,2.411752272246880,4.703498293515350,21.804482810843500,27.140465561224400,28.286821092576400,26.257140181664900,28.387978142076500,34.589134589134500,34.793771043771000,43.145232969246800,32.403658719448100,34.567532224920600,35.757220921155300,32.786848975618300,39.785360837992400,37.021307227181100
3,Mykonos,11.199999999999900,97,0.000000000000000,0.607984727755644,1.774193548387090,3.678083861530960,20.626987732848700,26.762820512820500,26.464542651593000,23.483004026594200,22.873309305119500,25.041925041925000,29.936868686868600,31.070833002461600,27.496090653985300,31.034933682047400,31.748633879781400,21.296543144050400,29.089818563502700,32.868698541094900
3,Rio Grande,44.600000000000000,98,0.000000000000000,0.322420634920635,0.452335658423166,2.178815212091660,17.155081023777000,25.454181672669000,25.029646612380400,24.974248525142800,44.176424668227900,46.996996996996900,47.483164983164900,55.707203381461200,57.875457875457800,61.938841899804800,59.605776736924200,47.069291513735900,52.063065369516900,41.175878385180700
3,Seri,42.799999999999900,99,0.486394557823129,3.129150066401060,4.100169779286920,4.746160409556310,23.406027563228800,31.552933673469300,35.390149418926300,35.620206541249900,46.619828259172500,54.103051564980400,50.732323232323200,46.087111887556500,43.728980571085800,45.696444644464400,48.204527712724400,44.247533076684800,47.848253111411000,54.119745149645400
3,Tam Hot-Ty,37.000000000000000,100,0.232844815778660,1.661706349206340,2.921158317480440,2.670953193564110,12.223068138561000,18.609443777511000,19.293563579277800,24.191279887482400,23.575331772053000,28.155586876517100,32.958785617367700,30.381503807106500,27.487522224364300,31.908169904266100,35.343481654957000,30.448249922562900,32.742111689480100,36.905840560325600
3,Shorouq,54.000000000000000,101,0.003401360544218,0.006200396825397,0.175438596491228,1.161019015114570,18.222777525367200,30.940170940170900,30.705984662819100,31.782002060117900,38.105590062111800,41.802191802191800,43.203018995929400,41.928055268800100,37.852022529441800,42.329212752114500,43.501170960187300,36.899862825788700,40.845704003598700,33.118590206557800
3,DRP-8551,33.200000000000000,102,0.000000000000000,0.238506456123036,1.341256366723260,3.323074110190150,18.465930719451800,22.587034813925500,24.886185243328100,24.124293785310700,29.637002341920300,39.943839943839900,35.273914518317500,37.198048549250400,32.500053552685100,37.616878892090300,38.661202185792300,38.572503208106500,40.063834800676900,38.662429582550900
3,Rio Grande,10.000000000000000,103,0.000000000000000,1.326178139649640,2.707979626485560,4.124512432959530,19.290474026957400,25.027901785714200,24.436714364771900,23.096731903736300,26.705698672911700,29.891579891579800,30.332491582491500,31.102596680695600,26.122999807210300,30.495399200669200,30.468384074941400,30.773485552458000,29.256902941113400,29.640329336992600
3,DRP-8551,37.899999999999900,104,0.000000000000000,0.092524056254626,0.166983724371169,0.838005850804486,14.996971073754300,22.008529974489700,23.290378686062100,23.298061616256200,35.105386416861800,36.330486330486300,38.489057239057200,38.693239052716800,37.716085084506100,40.431266846361100,43.266978922716600,40.184629073517900,38.884621949138000,27.814569536423800
3,Mykonos,38.000000000000000,105,0.479386385426654,2.336766921949500,4.339983022071300,3.978242320819110,23.190216568226500,30.091503267973800,31.789074235117300,31.821799793988200,29.824355971896900,34.275184275184200,36.439393939393900,35.896926864130800,32.125184756763700,34.902597402597400,35.601092896174800,33.988714120678900,32.855643381959100,34.269373011094800
3,DRP-8551,18.800000000000000,106,0.227891156462585,2.494189907038510,3.760304375396320,2.923189823874750,19.984773505900200,23.842075892857100,30.200015811526600,32.519756626337500,32.076863354037200,35.778635778635700,37.610244233378500,32.787532836911600,28.841334104491900,34.010835045768700,31.896955503512800,34.233815655559900,33.335475440738500,30.891232124801300
3,SV8579TE,54.399999999999900,107,0.000000000000000,0.020667989417989,0.002122241086587,0.379388103364213,16.653977921583500,20.408653846153800,22.610483042137700,22.944564097761900,28.672911787665800,28.801528801528800,30.906546811397500,28.970459779242400,28.650686545423300,29.883191521122500,31.885245901639300,32.822248772069500,34.819955872587400,30.621940685286400
3,Shorouq,28.800000000000000,108,0.000000000000000,1.120517928286850,2.617801047120410,3.507435397367130,19.150386188096300,22.278911564625800,23.432682425488100,23.458516912604600,25.604996096799300,32.229632229632200,30.618215739484300,37.727389440834300,33.586102007154600,35.776200261535500,37.919594067135000,35.744944466569300,33.457575562838700,30.072917116106400
2,Seri,33.200000000000000,109,0.271898124247118,2.691318061088970,3.403086028323820,4.267735251097020,25.123715264560300,28.689014668367300,31.721875247055100,33.409027062459000,42.892271662763400,48.182598182598100,43.101255088195300,42.035197218985100,40.169265225256200,46.931870991727800,43.907103825136600,39.704148593037400,41.466915151125600,35.312921074510400
2,Rio Grande,41.799999999999900,110,0.013605442176871,0.354830677290837,0.291693088142042,1.487079473427590,19.470879330034200,27.222177933673400,32.259467151553400,32.519756626337500,46.159250585480000,54.502554502554500,49.928451178451100,54.616919157004800,48.377353640511500,57.136185316644800,55.031225604996000,47.305190495154600,45.652593021014000,22.886194646991900
2,Seri,3.200000000000000,111,0.024092238857340,1.006531084656080,1.758613400972310,2.965998043052830,16.110101469029200,18.683473389355700,20.745682888540000,19.120218197076700,18.505074160811800,21.255021255021200,23.952020202020200,26.010784333089700,19.088319088319000,24.740217492332000,24.799441925357500,25.863641419196900,28.262965105070300,28.158596370516900
2,Mykonos,25.800000000000000,112,0.000000000000000,1.153933488842550,1.616994292961310,3.921867381764990,20.339239739512300,24.893830128205100,27.618784093604200,26.150961087669900,20.585480093676800,28.770328770328700,29.901628222523700,29.597661419344600,28.691386586123400,30.396877033181500,31.506635441061600,30.817484150817400,31.285478653899700,31.816024507054400
2,SV8579TE,59.799999999999900,113,0.000000000000000,0.020750332005312,0.023250898330163,0.518039980497318,15.850780357822600,25.227200255102000,25.883469048936600,25.362523540489600,31.986729117876600,32.054132054132000,35.630088195386700,33.764276649746100,34.706424180108300,35.566502463054100,35.659640905542500,36.632151865126700,34.335839598997400,26.743449467319300
2,Tam Hot-Ty,40.200000000000000,114,0.082051282051282,1.583250332005310,2.357809847198640,2.364590826305880,16.022078416444600,22.895927601809900,23.993991619890800,30.056653244685800,27.279469164715000,35.280167767477400,36.717171717171700,32.222266338441900,26.516065121888100,33.001425142514200,29.473067915690800,28.762334616575900,31.045562624509900,30.015889065434000
2,DRP-8551,26.800000000000000,115,0.020408163265306,2.019262566137560,2.851405622489960,2.544490492442710,16.771983250856400,22.343750000000000,22.993759688381800,26.701938383743700,26.280249804839900,31.365781365781300,30.808080808080800,33.478916858572200,29.691750744382300,31.797656366621800,31.709601873536200,32.275837554429900,32.116616327142600,29.382378347250200
2,Rio Grande,30.199999999999900,116,0.176870748299320,2.411954365079360,3.577828981054780,2.500304729400290,19.051946085112800,29.227691076430500,31.939283737844800,39.247499825162500,43.216237314597900,58.917358917358900,46.561447811447800,48.444567342827200,48.255253518411400,51.774328469188500,54.943586114714700,44.858179565467500,39.778934515776600,37.265392414894000
2,Mykonos,25.199999999999900,117,0.071428571428571,2.771577380952380,4.522495755517820,3.498293515358360,20.645918521883900,30.478714923469300,36.398134239860800,38.521657250470800,28.294301327088200,38.702632510919600,40.012626262626200,39.160644802668100,35.801041064198900,40.435269942088500,39.574551131928100,32.612612612612600,28.789923526765600,22.745465015836400
2,Shorouq,31.199999999999900,118,0.496507327763320,2.586561394851550,3.714328212320180,2.896452949780590,19.157958503710400,29.096554487179400,34.375981161695400,41.431801757698600,46.198282591725200,57.948207948207900,46.391621438263200,49.258330206008400,51.912309415108900,55.815596245004100,54.519906323185000,50.339228117005800,47.265599897178800,40.793008811209000
2,SV8579TE,43.000000000000000,119,0.397205862210656,2.839460481947520,4.601564151342210,4.479522184300340,24.035020936429300,29.857943177270900,31.381927425092800,33.676014639718300,32.907884465261500,36.149136149136100,39.856902356902300,39.619585612988600,42.955896287363200,45.704991170183000,46.077283372365300,38.297967388876400,39.393355182828800,38.669737978692700
2,Rio Grande,26.000000000000000,120,0.354500086043710,2.126736111111110,3.102938068061720,2.855314480741100,19.984773505900200,28.006810897435800,30.053759190449800,34.314971751412400,33.341139734582300,37.740337740337700,36.041383989145100,35.575319622012200,36.722147248463000,36.885858397160400,36.373926619828200,30.775072593254400,31.084120557804700,27.995088834320300
2,Prunus,24.600000000000000,121,0.178057800301329,2.473439575033200,3.677843803056020,2.849219892735250,22.766166893836100,29.468074409250800,30.211874456478700,36.723944189530800,31.834504293520600,35.003132096155300,34.250841750841700,32.877934644670000,28.215177879231600,31.359791802212100,30.390320062451200,28.654581000622000,25.585330848488700,14.908276758630600
1,SV8579TE,38.399999999999900,122,0.192737910858716,3.199701195219120,4.420549581839900,3.215203033268100,19.510071179766700,23.207131410256400,26.674351126833300,30.607344632768300,31.719720496894400,39.099489099489000,37.015993265993200,40.818503229374400,41.661846925004800,45.328907890789000,43.446526151444100,38.085756006902900,34.802819013345300,28.955655062834000
1,DRP-8551,30.600000000000000,123,0.234693877551020,3.071049136786180,3.495331069609500,3.073196001950260,19.165530819324500,25.619818239795900,27.861067503924600,31.491712707182300,31.830601092896100,40.936390936390900,40.803086838534600,44.058206940363600,48.381637855322000,47.874089295722000,45.120999219359800,38.107880879684900,36.368699526594200,25.696952188357600
1,Seri,40.799999999999900,124,0.377551020408163,2.742642195767190,3.820033955857380,3.413955479452050,22.995812714122500,30.727838010204000,33.567870977942900,39.270244821092200,39.133489461358300,58.989508989508900,48.367003367003300,47.715000397045900,51.907546644388700,51.759760881748500,49.431929865943300,46.063985132085400,49.609065398539000,36.772168229121800
1,Rio Grande,16.800000000000000,125,0.328205128205128,2.561888313183650,3.357385398981320,3.480009751340800,18.968405024743000,27.324283559577600,29.844256462961500,35.904579080438200,24.113973458235700,34.216684216684200,32.209595959595900,34.999703727112900,33.110554163185700,34.929117911791100,30.823575331772000,28.538873401477900,28.217980849559700,25.195955760739800
1,Prunus,52.600000000000000,126,0.222222222222222,2.609252110728070,2.559422750424440,2.767245596868880,23.159927305770100,33.077230892356900,35.330856194165500,38.709148796703800,41.249024199843800,68.101868101868100,56.586700336700300,64.986500436750500,68.607415975837000,66.424388883725200,64.055425448868000,48.564095756449300,50.800077115866500,26.947854976166400
1,Tam Hot-Ty,49.200000000000000,127,0.362393162393162,2.559832223044650,3.384062566053680,3.067101413944410,16.600685192234400,21.464445153061200,24.685745908767400,30.807438794726900,25.706479313036600,35.626535626535600,34.015151515151500,37.984159276304000,44.324486429749500,36.774793196393700,33.423106947697100,30.521262002743400,30.970588865325700,32.562454157138500
1,Shorouq,31.500000000000000,128,0.410902616079989,2.806712962962960,3.802578735996610,3.210324232081910,21.827199757685900,29.337355455002500,33.749703533876100,37.882760558104600,36.959406713505000,49.506649506649500,41.930970149253700,43.777281795018600,47.280594649015600,52.141464146414600,44.960967993754800,40.776140537191900,40.732172311119600,32.066167827757200
1,Mykonos,32.399999999999900,129,0.372649572649573,3.158154453491240,4.085314091680810,3.372676125244610,21.550810237770700,31.746606334841600,35.591746383113200,39.172675344133300,36.440281030444900,46.283296283296200,43.173337856173600,46.175117027790400,48.707238180922300,51.061087240799500,43.723653395784500,36.621089428735700,36.338710022920500,32.504694496605500
1,Torero,38.799999999999900,130,0.499931516230653,2.732308201058200,3.248784612132740,3.179851292052650,21.032106618203800,28.748804209183600,35.128582217099200,38.657645846989400,42.045277127244300,60.331110331110300,50.530303030303000,54.722861907408800,50.894329841698200,56.467401457126800,51.358313817330200,48.148148148148100,51.647428719097200,40.364729401274200
1,Seri,36.000000000000000,131,0.000000000000000,0.561484631422496,1.228070175438590,2.961969770843490,18.964864455550500,25.263073979591800,30.108509877181100,27.470452479194300,33.060109289617400,39.040989040989000,36.632996632996600,39.025064686247000,42.566990954087700,41.423500840650100,42.806401249024100,37.525996725518800,43.165606323501000,37.670601785200100
1,Prunus,57.399999999999900,132,0.000000000000000,0.139027224435591,0.161290322580645,1.010177961969770,18.714978040284700,24.250637755102000,25.970432445252500,26.634048131847500,29.004683840749400,34.731484731484700,38.292910447761100,41.110825811293900,41.737071172555000,43.228924621247300,43.570767807585500,34.375698012061600,38.435833172675200,26.070385871050300
1,DRP-8551,25.800000000000000,133,0.000000000000000,0.016534391534392,0.000000000000000,0.283398342272062,11.743433574419400,14.622528698979500,19.317732627085100,19.418953085494800,25.878220140515200,25.857025857025800,27.420033670033600,29.943222425156800,29.709252971137500,31.696245096207700,28.801717408274700,25.483261038816500,22.584238373712000,13.493261998245300
1,Rio Grande,49.399999999999900,134,0.000000000000000,0.074019245003701,0.344536038892412,1.377376889322280,17.037710131758200,22.733031674208100,25.518053375196200,29.071074070605800,31.180124223602400,34.495534495534500,34.406565656565600,36.382310533488700,32.395056467078600,34.638906961613500,24.703356752537000,27.406079915040400,28.543581175160100,18.380290805539900
1,Mykonos,32.399999999999900,135,0.000000000000000,0.228226005428078,0.357218347072501,1.186399217221130,15.663334847796400,26.116071428571400,26.413155190133600,28.094859069201200,28.973458235753300,33.206583206583200,32.024410774410700,33.877817061367900,36.945297832394600,32.841342132168400,34.180327868852400,27.158281339882200,17.181843497632900,13.586745480433100
1,SV8579TE,53.000000000000000,136,0.000000000000000,0.094580146393618,0.322580645161290,1.028461725987320,15.383159170074200,22.480867346938700,23.144122064985300,24.138418079096000,29.941451990632300,31.285831285831200,30.614478114478100,31.841102199634700,33.631154499151100,32.508873528862300,33.247462919594000,34.576751183680600,31.615363194310500,25.488088070869500
1,Torero,42.000000000000000,137,0.000000000000000,0.346799331172718,0.666383701188455,1.112262311067770,18.105406633348400,23.158482142857100,25.709542256304800,26.631707088678700,39.154361895903500,42.755742755742700,41.586700336700300,46.938775510204000,52.128183707131000,57.024098636278700,52.507763975155200,43.866088310532700,36.857100014994700,21.928843783148400
1,Shorouq,32.000000000000000,138,0.000000000000000,0.240562546262028,0.549566687803847,1.132069722086780,17.480690595184000,25.436698717948700,26.750392464678100,28.616911695851600,40.784543325526900,42.057642057642000,39.440235690235600,42.023346303501900,44.309491677912700,41.163676921646900,42.076502732240400,41.269525200230000,33.264785896364800,28.093866973797800
1,Tam Hot-Ty,51.799999999999900,139,0.000000000000000,0.190145502645503,0.263157894736842,0.488433826317785,13.159497525694700,16.279537456008000,19.962052336153000,20.811873770952300,28.719750195160000,26.482976482976400,27.512626262626200,28.479725058760700,29.055544845018500,27.773956687424400,29.808743169398900,25.549803088632200,21.780948096737500,21.099234435938100
2,DRP-8551,49.600000000000000,140,0.000000000000000,0.012400793650794,0.071866413020503,0.897428083861531,17.174223625836500,24.994021045918300,27.314412206498500,28.130172273119300,38.930523028883600,36.104286104286100,34.810606060606000,37.907964742317100,32.471411503669500,37.453294915884300,40.870413739266100,37.448559670781800,34.931345457661200,31.725417439703100
2,Mykonos,65.200000000000000,141,0.000000000000000,0.006168270416975,0.145846544071021,1.138164310092630,18.275783734666000,28.525641025641000,30.886970172684400,30.997752598557900,38.926619828259100,39.739089739089700,40.391414141414100,47.520195935135900,38.853544116702000,46.764431160097100,44.320843091334800,37.669808398601700,34.080928817770900,28.897901655376700
2,Prunus,32.200000000000000,142,0.000000000000000,0.004112180277983,0.142190152801358,0.784678205753291,11.793881568983700,17.651080945198500,17.649616570479800,18.700608434156200,24.852484472049600,25.201825201825200,26.153198653198600,33.731655770408200,31.662489557226300,36.021935124082100,34.035909445745500,29.934952874020900,24.413598097808600,17.395118724022300
2,Tam Hot-Ty,62.600000000000000,143,0.000000000000000,0.286354581673307,0.469245402663285,1.066552901023890,14.220808723307500,18.375350140056000,20.942366985532400,22.401442082592000,26.221701795472200,21.602121602121600,25.767469470827600,24.999506211854800,27.547501231711700,26.429965610186800,27.611241217798500,19.536262666489600,17.267527793843500,15.611741525362700
2,Rio Grande,40.000000000000000,144,0.000000000000000,0.202546296296296,0.213485521031494,1.316647705726200,19.850825382401900,24.876434948979500,26.583129101114700,24.446798493408600,27.349726775956200,24.667524667524600,28.240740740740700,28.174382593504300,30.255124991967000,27.569476717167000,29.250585480093600,24.308597725563000,24.143692564745100,19.929240195020900
2,Shorouq,79.400000000000000,145,0.000000000000000,0.803005594203497,0.314091680814941,1.907606045831300,18.146174343357400,24.483816964285700,27.373705431259300,28.125509942420200,39.141295862607300,35.741585741585700,36.512042062415100,38.475972268857700,43.555469871259300,41.062955352138900,42.185792349726700,39.163237311385400,36.415825889510100,28.957025314641200
2,Seri,31.199999999999900,146,0.000000000000000,0.405049757381364,0.280135823429542,2.104156509019990,17.106549364613800,26.163901458019100,28.033836666930100,25.877891188313500,34.613583138173300,34.454584454584400,36.106902356902300,35.981354559639700,40.151903055128800,38.499860581838400,41.198282591725200,36.740563741758400,38.952892985151000,32.913376767197300
2,SV8579TE,19.199999999999900,147,0.003401360544218,0.419560185185185,1.377334465195240,2.422598732325690,16.977131606845300,22.104193239795900,24.915013044509400,24.995317913662300,23.200624512099900,32.075582075582000,31.666666666666600,33.337965536409100,26.326500010710500,31.705548842829200,28.969555035128800,30.901809814593500,30.653695169824200,25.425393615484600
2,Tam Hot-Ty,30.199999999999900,148,0.000000000000000,0.744047619047619,1.494057724957550,1.805521696733300,16.719302203173100,18.270487682252300,19.479800774764800,20.064340163647800,15.335675253708000,20.695370695370600,22.854477611940300,23.842066799660200,22.400017136859200,24.937418270128900,24.395003903200600,26.006006006006000,26.673769443852500,22.160955945868100
2,DRP-8551,23.800000000000000,149,0.000000000000000,0.840162665400574,1.469034030860280,2.667905899561190,17.064213236407600,19.668765943877500,22.849293563579200,25.043709350304200,28.563622170179500,36.829686829686800,35.951178451178400,32.708647661399100,31.818863397810700,36.639267700354900,35.355191256830600,33.782671560449300,32.690701111753700,25.153835042611500
2,Prunus,10.199999999999900,150,0.000000000000000,0.766921621843902,1.600236446546190,2.515541199414910,19.741026805997200,23.273237179487100,24.998023559174600,26.186908886599800,20.335675253708000,23.489723489723400,26.666383989145100,27.737067688478900,28.612128612128600,28.811227809275900,29.800936768149800,24.138236205141800,20.988368356789400,23.494097322199800
2,Rio Grande,19.600000000000000,151,0.000000000000000,1.351686507936500,1.739589938702170,2.872074597757190,20.377101317582900,22.460937500000000,25.001976440825300,25.870868058807000,32.966432474629200,43.797043797043700,37.811447811447800,41.191807067095900,49.767581346528700,51.001022399851200,50.402029664324700,43.923923923923900,38.832123042649300,36.337834351079300
2,Shorouq,22.600000000000000,152,0.003401360544218,1.697377158034520,2.805602716468590,3.991955143832270,25.007572315614100,28.726881377551000,28.218210361067500,28.925929394138000,28.610460577673600,34.050934050934000,30.194199457259100,33.603986341618300,30.615292712066900,33.280403512049300,33.165495706479300,35.384309040223000,28.914917221368800,25.449385052034000
2,Rio Grande,1.400000000000000,153,0.000000000000000,0.374090608465608,1.126611709997880,1.569356411506580,7.650951199338290,8.956330128205120,13.056957748718100,15.752879483097600,15.538641686182600,21.489021489021400,20.307239057239000,27.430919038495700,19.045485577743600,23.009031198686300,20.987509758001500,25.445816186556900,22.873422873422800,28.679815721278400
1,DRP-8551,16.000000000000000,154,0.000000000000000,0.425242037033214,1.213274149228490,1.712579229644070,15.741785096623800,18.913424744897900,21.128152423116400,22.024534132409400,21.209992193598700,26.757926757926700,27.217605156037900,30.915985071071200,31.105541631857400,35.440096663258600,34.437939110070200,33.235983893092600,22.702054281001600,20.756209460528300
1,Seri,21.000000000000000,155,0.000000000000000,1.159474206349200,1.867572156196940,3.102145294978050,19.067090716341000,21.822021116138700,25.666060558146800,24.896845933282000,27.069099378881900,33.085683085683000,32.769360269360200,34.535542870686700,39.382644645802500,43.515196579607700,42.142857142857100,37.280410637638800,29.194781826360700,22.748774404403500
1,Prunus,20.399999999999900,156,0.000000000000000,1.338396414342620,2.039473684210520,3.158520234032170,17.810086324398000,23.092713647959100,21.918728753261100,22.255039849976500,21.331521739130400,30.841230841230800,28.688941655359500,34.731596918923200,35.250519461045700,38.249579674948600,36.042154566744700,36.782601000044200,31.208362787310100,20.648343904157800
1,Shorouq,6.600000000000000,157,0.000000000000000,1.988239164404960,2.508983301627560,3.624756216479760,20.761324704986600,24.513221153846100,27.144438295517400,28.395925122968900,22.341920374707200,27.551577551577500,26.948653198653200,34.584921685200100,29.462545252018900,30.691201195591200,27.751756440281000,21.972211159785800,17.237538290169800,19.784048373164400
1,Torero,2.600000000000000,158,0.000000000000000,1.651425386536750,1.784804753820030,2.904071184787900,12.426169922762300,13.435496794871700,15.866866946003600,15.940508660279200,10.671350507416000,15.163215163215100,16.583276797829000,25.238227586754500,19.236124499282300,17.395668742448100,16.877439500390300,17.374662595690000,14.932878755593400,26.365218391796400
1,SV8579TE,29.800000000000000,159,0.000000000000000,0.775049603174603,1.164658634538150,2.709148727984340,17.620778434045100,20.336415816326500,25.196232339089400,26.654544606848900,26.623731459797000,33.846183846183800,29.545454545454500,33.407730747200200,33.864575969839100,34.746723673203800,36.155347384855500,36.700738970750900,34.043778801843300,27.905269219694700
1,Rio Grande,2.200000000000000,160,0.105442176870748,1.120517928286850,1.703656732191920,3.409921989273520,17.624564591852100,18.664655605832000,21.883152818404600,19.581788936289200,11.561280249804800,16.654966654966600,16.689280868385300,23.139839593424900,19.754514491356500,19.615205874151800,17.611241217798500,20.848267622461100,18.027975922712700,31.718974949611200
1,Tam Hot-Ty,12.800000000000000,161,0.000000000000000,1.606011188406990,1.048387096774190,3.080814236957580,15.973799787975100,19.799919967987100,21.962210451419000,21.530643168519900,9.242779078844650,18.004368004368000,20.004208754208700,21.013648304331500,20.889831416147200,23.164580609004200,14.925839188134200,21.133678481348700,20.095109568793700,24.293118341491500
1,Mykonos,21.800000000000000,162,0.000000000000000,0.712177197943975,1.101247093637700,2.841601657727930,17.272451915795800,25.193319515306100,26.149921507064300,28.041015076318000,17.931303669008500,28.647096486292400,26.801346801346800,39.795374192656300,25.805967911231000,30.292778139232200,23.489461358313800,25.204655073233300,35.280508964719400,38.931759285919900
3,Shorouq,23.399999999999900,163,0.000000000000000,0.000000000000000,0.000000000000000,0.358057045343735,4.130698167499620,6.451291454081630,8.561941655466830,13.154321565689600,22.220921155347300,33.748683748683700,35.029461279461200,41.053546386458300,42.692200586937400,40.587415187285000,46.440281030444900,47.006504712597900,62.065419960156700,64.722915054040800
3,SV8579TE,33.200000000000000,164,0.000000000000000,0.000000000000000,0.000000000000000,0.033520234032179,4.959866727245190,6.419403698979590,11.757224055010100,16.688812737487400,24.160811865729800,36.225186225186200,33.425203527815400,37.940705919532200,38.732879662330900,35.357743321501900,41.100702576112400,40.369258147035900,59.584859584859500,51.445436222286200
3,Rio Grande,11.600000000000000,165,0.000000000000000,0.000000000000000,0.000000000000000,0.347391516333496,2.960775405118880,6.204122674710910,9.550162068147680,11.837657645056700,17.131147540983600,29.952627045650300,29.162457912457900,36.339633129516300,34.593849599448700,33.544009666325800,35.523028883684600,32.899685826806400,42.550821498189900,37.866531850353800
3,Prunus,32.399999999999900,166,0.000000000000000,0.000000000000000,0.000000000000000,0.419002925402243,5.122671512948650,7.906650641025640,12.115582259467100,19.790489642184500,32.642466822794600,45.546550779108900,35.273569023569000,42.041213372508500,39.022770601717900,42.505137306183400,45.191256830601000,47.006504712597900,57.847610479189400,44.505272280803100
3,Rio Grande,14.800000000000000,167,0.000000000000000,0.000000000000000,0.000000000000000,0.415955631399317,5.005300620929880,9.103641456582630,12.000948691596100,15.785654087461300,26.768149882903900,34.111384111384100,33.560888738127500,33.127259080763900,33.419017629543900,37.663351612603400,37.053083528493300,36.045842736404200,45.179187284450400,36.874187490972100
3,Seri,21.800000000000000,168,0.000000000000000,0.000000000000000,0.000000000000000,0.022932974559687,4.914432833560500,9.446747448979590,10.548908939147000,15.129263118633000,28.087431693989000,42.302491033455500,39.225589225589200,41.832748724489700,44.819313240365800,49.594619839342400,49.820452771272400,46.236318963591600,53.739048475890500,51.573567520875300
3,Tam Hot-Ty,26.000000000000000,169,0.000000000000000,0.000000000000000,0.000000000000000,0.382435397367138,5.285476298652120,10.417295123177400,10.091706854296700,15.675625058526000,17.295081967213100,21.662571662571600,25.050505050505000,26.625903279599700,25.315425315425300,29.686093609360900,30.015612802498000,28.389546571364700,40.507251033566800,35.399393326592500
3,Mykonos,23.600000000000000,170,0.000000000000000,0.000000000000000,0.000000000000000,0.012189176011702,4.453749524172050,8.808092948717940,11.929796821883100,15.589006461279100,22.064793130366900,31.502281502281500,29.854986431478900,31.073100397005600,29.507529507529500,33.218700622734400,33.738255297401400,33.809018098145900,32.317974423237500,28.597316304957400
3,DRP-8551,34.200000000000000,171,0.000000000000000,0.000000000000000,0.000000000000000,0.000000000000000,3.897982489531780,5.740296118447370,8.308957229820530,14.395009416195800,18.735362997658000,30.168480168480100,27.428451178451100,33.639720479631500,33.568965147912500,39.432094152811500,39.320843091334800,35.129873003230200,35.518282886703900,33.794997914599200
2,Seri,28.399999999999900,172,0.000000000000000,0.000000000000000,0.000000000000000,0.016760117016090,5.985915492957740,10.179989944695800,13.186813186813100,16.277273152916900,24.769711163153700,34.111384111384100,34.629409769335100,39.492178194234800,41.214146477304300,48.119713728041600,47.927400468384000,43.322713394397900,47.304157830473600,39.421174851638400
2,Tam Hot-Ty,35.799999999999900,173,0.000000000000000,0.000000000000000,0.000000000000000,0.341296928327645,4.123125851885500,6.668669871794870,7.893904656494580,14.758556024378800,16.342701014832100,23.918723918723900,25.092592592592500,24.809891564123300,25.249019985862000,29.463852045581900,29.875097580015600,34.747112704101900,37.936722147248400,28.765586572895500
2,DRP-8551,30.399999999999900,174,0.000000000000000,0.000000000000000,0.000000000000000,0.000000000000000,5.317853064331930,7.417889030612240,10.906000474345700,15.757561569435300,23.376268540202900,35.341835341835300,35.420875420875400,37.320336694989200,40.800719748088100,39.416441644164400,41.510538641686100,41.846290735179600,44.086712507765100,30.504379341588600
2,Rio Grande,8.000000000000000,175,0.000000000000000,0.000000000000000,0.000000000000000,0.528987279843444,5.501287293654390,7.009327168367340,10.584681426129800,16.005712145331900,23.169398907103800,33.799383799383700,30.109396200814100,33.316128007623200,33.311912259280600,36.925364810856000,38.114754098360600,41.317870790011500,39.119165434954900,23.809523809523800
2,Mykonos,28.000000000000000,176,0.000000000000000,0.000000000000000,0.000000000000000,0.068798923679061,3.353635325466310,6.095525389643030,8.087595857380030,14.687704841277200,17.416081186572900,28.896627710227000,26.359427609427600,28.708842758103000,28.635691793586500,29.125723893144000,29.832162373145900,36.685251559803500,38.541218020501300,29.290769897443300
2,Shorouq,24.800000000000000,177,0.000000000000000,0.000000000000000,0.002122241086587,0.236165285226719,5.081842405786060,7.111111111111110,10.016602102933000,15.155913475044400,19.340359094457400,38.684138684138600,33.912822252374400,37.028507901214900,39.440481545744700,40.522353378566700,41.350507416081100,41.931058896411300,41.841783947047100,37.253095306651300
2,SV8579TE,25.800000000000000,178,0.000000000000000,0.000000000000000,0.000000000000000,0.000000000000000,4.501741632591240,3.916214923469380,5.682888540031390,11.433654836595100,15.000000000000000,29.844961240310000,25.220488466757100,25.637258794568400,28.526444315917900,28.038483093592300,26.717408274785300,34.320102659409700,36.180194074930900,29.308954794126100
2,Rio Grande,4.800000000000000,179,0.000000000000000,0.000000000000000,0.000000000000000,0.626834637964775,3.464027407689380,5.281409438775510,6.972883231876030,10.567468864125800,14.242779078844600,23.528723528723500,18.425925925925900,18.220782555452400,22.744896429106900,18.255184008966900,16.100702576112400,17.911547911547900,22.708480603217400,15.416726852520500
2,Prunus,26.199999999999900,180,0.000000000000000,0.000000000000000,0.010611205432937,0.295587518283764,4.357867635923060,7.289663461538460,10.178670250612600,19.046610169491500,24.028103044496400,43.908193908193900,28.748303934871100,40.567658851646200,42.034573613520900,41.526164141648800,39.004683840749400,37.019337138811400,43.846796478375400,31.297125523616900
1,SV8579TE,22.800000000000000,181,0.000000000000000,0.000000000000000,0.000000000000000,0.000000000000000,3.861880963198540,7.063301282051280,8.364297572930660,14.123513437587700,19.902419984387100,29.838929838929800,28.623737373737300,28.305407766219300,28.948439474755200,33.134690827573300,31.963309914129500,32.946769750288800,43.272711693764300,32.710912755542700
1,DRP-8551,25.399999999999900,182,0.000000000000000,0.000000000000000,0.000000000000000,0.000000000000000,4.392843547773120,6.088435374149650,8.913748122381210,14.225517890772100,19.293520686963300,27.883077883077800,28.893097643097600,31.247518462637900,32.485058800848200,34.101682312482500,31.049960967993700,30.472587282623100,36.769273611378800,28.001898433792100
1,Seri,26.199999999999900,183,0.000000000000000,0.002056090138992,0.000000000000000,0.000000000000000,4.660760260487650,8.964445153061220,11.766091051805300,16.075716250553600,24.879000780640100,40.852540852540800,37.873134328358200,45.108534634300500,56.210530807305000,56.211470203624100,55.729898516783700,50.886441997553100,58.888674678148300,39.369489867828700
1,Rio Grande,17.000000000000000,184,0.000000000000000,0.000000000000000,0.000000000000000,0.588127742564603,3.199303346963500,5.240384615384610,7.755553798719260,13.415856586707600,17.911787665886000,28.214578214578200,24.204545454545400,24.442150401016400,30.220851273482800,27.512751275127500,21.725214676034300,24.595706817929000,20.386436175909800,12.693636625395900
1,Prunus,28.399999999999900,185,0.000000000000000,0.000000000000000,0.000000000000000,0.371769868356899,4.229138270483110,6.634653861544610,9.637125464463590,18.013182674199600,25.741608118657300,37.814437814437800,28.120759837177700,34.713306602935000,39.539018486386900,36.100537393640800,35.565964090554200,32.047603158714200,33.566823040507200,21.193424515683600
1,Tam Hot-Ty,35.799999999999900,186,0.000000000000000,0.000000000000000,0.000000000000000,0.141699171136031,4.153026265702320,8.017206882753100,9.542256304846230,16.171926210319300,17.045277127244300,26.769626769626700,28.256445047489800,27.746943451381600,30.550735813893700,30.108350457687200,29.648711943793900,24.151511128811000,25.788831051988900,17.711524356042600
1,Shorouq,23.199999999999900,187,0.000000000000000,0.000000000000000,0.000000000000000,0.129509995124330,3.749524172059380,6.474358974358970,9.121984180611310,15.190677966101600,20.191256830601000,34.637884637884600,35.517676767676700,36.140784438775500,39.624935995903700,38.698763825634300,40.702576112412100,41.236337891057100,46.588693957115000,28.879619276970200
1,Mykonos,22.800000000000000,188,0.000000000000000,0.000000000000000,0.000000000000000,0.287969283276450,3.528699076177490,5.803921568627450,8.265306122448980,15.380653619252700,15.807453416149000,28.216528216528200,29.795624151967400,33.353847375526000,40.695756485230100,34.249514852963100,33.231850117096000,33.638656577724600,36.983484351905400,24.820102634672100
1,Torero,11.600000000000000,189,0.000000000000000,0.000000000000000,0.000000000000000,0.128424657534247,4.008374571754850,6.214126275510200,10.139141434105400,13.750586029067000,13.922716627634600,25.654192736001200,26.228956228956200,33.698078176539100,41.286978129083300,35.017251725172500,35.843091334894600,30.919808697586400,36.970899470899400,23.317925754730600
1,Seri,30.600000000000000,190,0.000000000000000,0.000000000000000,0.000000000000000,0.001523647001463,2.908260373049100,6.716686674669860,11.340817455925300,15.008427755407800,26.038251366120200,34.027534027534000,42.664141414141400,38.086867210492000,50.555876871666300,43.026303559810300,42.029664324746200,33.468295057303400,39.123449649765400,25.712841253791700
1,Prunus,36.399999999999900,191,0.000000000000000,0.000000000000000,0.000000000000000,0.001516875237012,1.737846433439340,4.140625000000000,8.107360265633640,14.661953366420000,21.487119437939100,29.587379587379500,35.643939393939300,26.242753910902800,31.468590831918500,29.019256605463500,30.074160811865700,29.510155316606900,28.556433819591700,14.671385237613700
1,DRP-8551,53.399999999999900,192,0.000000000000000,0.000000000000000,0.000000000000000,0.000000000000000,0.442980463425716,2.821128451380550,7.383982923551260,10.740706058619700,23.821233411397300,31.354081354081300,40.454545454545400,33.939046791364600,36.428998122546500,36.693001208290700,40.261514441842300,34.174078499048600,39.172718120086500,30.040444893832100
1,Rio Grande,24.600000000000000,193,0.000000000000000,0.000000000000000,0.000000000000000,0.031996587030717,0.723156141147963,2.716346153846150,5.011773940345360,9.289259293941380,16.483216237314600,21.575056750936100,24.292929292929200,23.669895973953700,25.591757170704500,24.492807771343100,25.640124902419900,22.000799786723500,24.645844000682700,14.762453210480800
1,Mykonos,51.399999999999900,194,0.000000000000000,0.000000000000000,0.000000000000000,0.001523647001463,0.511131303952749,4.286910076530610,7.597438532690330,12.061054405843200,21.975019516003100,30.966030966030900,35.690235690235600,34.373580359082700,34.530771372876600,34.453016079561300,36.276346604215400,34.236458680903100,34.627166206113500,26.144605945930400
1,SV8579TE,44.799999999999900,195,0.000000000000000,0.000000000000000,0.000000000000000,0.000000000000000,0.113584734211722,4.111527423469380,6.996600521780370,9.939052977027660,19.660421545667400,24.755274755274700,34.212962962962900,29.768522194870100,32.772101193153800,32.688911608885500,35.749414519906300,38.296073851629400,39.396654719235300,27.917777586651700
1,Torero,18.600000000000000,196,0.000000000000000,0.000000000000000,0.000000000000000,0.000000000000000,2.521581099500220,6.900760304121640,10.521978021978000,13.365015450884900,26.241217798594800,31.985881985881900,40.349326599326600,33.986450453297500,34.690220174091100,39.390277906868600,35.944574551131900,39.902124346568700,35.250519461045700,20.421107132070500
1,Shorouq,42.000000000000000,197,0.000000000000000,0.000000000000000,0.000000000000000,0.000000000000000,1.438739966681810,5.139907525510200,9.198355601233290,14.020507538159000,22.470725995316100,28.670878670878600,35.281986531986500,30.904073691733500,30.899899320951900,33.446665421259100,32.064793130366900,35.241908575241900,30.540025276867300,31.348011811587900
1,Tam Hot-Ty,45.600000000000000,198,0.000000000000000,0.000000000000000,0.000000000000000,0.027425646026329,1.039208222306810,3.393429487179480,5.229662423907020,9.681329696715380,20.454192546583800,22.772122772122700,28.922558922558900,23.800588595468900,23.511770880191900,24.515225107416400,25.741608118657300,24.179735290846400,20.975515712357800,19.752375467895100
2,DRP-8551,40.799999999999900,199,0.000000000000000,0.000000000000000,0.000000000000000,0.001523647001463,0.242314099651673,2.642697704081630,5.759348565103960,10.937646507266700,21.010928961748600,26.673713883016200,33.333333333333300,29.413166044627900,28.578734285105400,29.636583325587800,31.709601873536200,35.097319541763900,40.590793222372100,38.809764552939400
2,Mykonos,50.399999999999900,200,0.000000000000000,0.000000000000000,0.000000000000000,0.000000000000000,0.427835832197486,5.144230769230760,7.535321821036100,12.199175952804500,23.294301327088200,33.928083928083900,40.589225589225500,36.520571214126200,37.962427436111600,38.511014034761500,40.382901213037200,35.424133811230500,34.633592528329300,33.710048949035400
2,Prunus,50.399999999999900,201,0.000000000000000,0.000000000000000,0.000000000000000,0.010665529010239,0.898563801789608,4.069674744897950,7.696260573958410,14.153946998782600,26.615925058548000,41.299091299091300,51.616161616161600,42.704773943787100,44.581539318381400,48.474765312761400,51.487119437939100,46.446745431213700,38.690743953901800,34.032302138614400
2,Tam Hot-Ty,35.000000000000000,202,0.000000000000000,0.000000000000000,0.000000000000000,0.042472506636329,1.817355747387550,4.483173076923070,7.534192426278750,12.964697069013900,15.897736143637700,22.550738187059300,26.216329966329900,24.067234193841400,27.046248098879600,25.649168690453900,26.705698672911700,27.138368954378500,22.976244028875600,23.467230443974600
2,Rio Grande,32.799999999999900,203,0.000000000000000,0.000000000000000,0.000000000000000,0.085324232081911,0.851885506587915,3.960060586734690,8.602825745682880,11.590554118003500,21.061670569867200,27.222027222027200,34.095117845117800,27.918781725888300,30.522888417625200,28.454317315735600,31.818891491022600,29.231381919553900,32.555748345222000,27.131782945736400
2,Shorouq,9.400000000000000,204,0.000000000000000,0.000000000000000,0.000000000000000,0.000000000000000,0.022716946842344,1.370548219287710,2.348011700529680,4.478415581983330,15.554254488680700,19.256269256269200,27.133838383838300,25.293803946354800,29.284750337381900,29.093781949995300,32.519474479711600,38.001681490331400,41.847432346047300,34.290874688225600
2,Seri,37.799999999999900,205,0.000000000000000,0.000000000000000,0.002113718030015,0.000000000000000,2.320914735726180,7.163461538461530,11.953514111787400,15.493023691356800,28.165495706479300,33.867633867633800,41.485690235690200,35.078709830334300,42.585095216674100,39.499953527279400,43.516783762685300,45.794061684145300,44.230233703917900,36.241793526561700
2,SV8579TE,40.000000000000000,206,0.000000000000000,0.000000000000000,0.000000000000000,0.000000000000000,0.594426775708012,4.053730867346930,7.688354810656960,10.838041431261700,22.599531615925000,29.932529932529900,40.336700336700300,29.919399666481300,36.424394319131100,35.841584158415800,39.426229508196700,41.158900836320100,45.541047960402800,36.300736674851900
2,Rio Grande,22.399999999999900,207,0.000000000000000,0.000000000000000,0.000000000000000,0.000000000000000,1.485074065719220,4.943910256410250,9.435528500276700,11.063770015919000,26.779859484777500,34.729534729534700,45.075757575757500,30.188232040925100,35.068440331598200,39.799237847383500,43.134270101483200,40.749590689853500,34.609148318825700,33.157212784336300
3,SV8579TE,45.000000000000000,208,0.000000000000000,0.000000000000000,0.000000000000000,0.000000000000000,0.329395729213994,2.361686862244890,6.735710332832630,8.430096450978550,18.122560499609600,28.095628095628000,38.808922558922500,28.118796156594900,29.384189217984200,32.625708708987800,37.654536294229300,39.411035886543600,43.304843304843300,34.609847394183700
3,DRP-8551,51.200000000000000,209,0.000000000000000,0.000000000000000,0.000000000000000,0.000000000000000,0.110392082223068,2.660633484162890,4.537908135030430,7.091404993356170,23.048399687743900,28.097578097578000,36.704545454545400,29.390270398388200,30.711393869288600,33.480806766428100,37.779078844652600,31.457144121421300,30.942741469057200,28.805856380607200
3,Shorouq,32.799999999999900,210,0.000000000000000,0.000000000000000,0.000000000000000,2.382983910287660,0.196880205966985,3.380102040816320,4.581389833188390,6.506591337099810,24.398907103825100,33.471783471783400,42.979797979797900,39.255935837369900,39.435057176992600,44.407472813458400,49.504293520686900,47.783087747245400,45.374119058329500,39.508615005303700
3,Rio Grande,32.799999999999900,211,0.000000000000000,0.000000000000000,0.000000000000000,0.056374939054120,1.438739966681810,5.082131410256410,9.423669855324530,12.432104809194100,32.404371584699400,41.930891930891900,53.560606060606000,37.839973137924900,45.084934558618700,49.212421242124200,52.681498829039800,55.018661690215900,56.305293147398400,49.544807352116300
3,Tam Hot-Ty,43.799999999999900,212,0.000000000000000,0.000000000000000,0.000000000000000,0.009141882008776,1.180053292729340,4.741896758703480,7.652778875800450,10.422324187658000,22.189695550351200,25.496275496275400,30.277777777777700,26.127610577304800,25.919499603710100,27.240449855934500,30.796252927400400,29.620779680516800,29.936075005327000,36.907278767743800
3,Seri,38.799999999999900,213,0.000000000000000,0.000000000000000,0.000000000000000,0.000000000000000,2.756322883537780,5.614237882653060,10.941576409202300,12.566719730311800,27.321428571428500,30.367380367380300,40.938552188552100,35.380908175156500,34.123770965876200,38.550051119992500,43.044496487119400,43.083764768352500,52.385236595762900,56.625102472278500
3,Prunus,49.200000000000000,214,0.000000000000000,0.000000000000000,0.000000000000000,0.003047294002925,2.804722159560860,3.565610859728500,10.019623233908900,16.015105951465100,32.884465261514400,43.069693069693000,49.949494949494900,30.167553402684000,29.612492770387500,30.960126405799700,35.800156128024900,31.868666755166100,33.140543666859400,43.264241277486300
3,Rio Grande,41.399999999999900,215,0.000000000000000,0.000000000000000,0.000000000000000,0.042662116040956,0.676620676620677,1.783721301020400,6.277176061348720,8.954006107653210,22.240437158469900,26.369876369876300,33.383838383838300,31.096802227972100,34.720088752346800,31.138975966562100,36.409055425448800,34.386477277755600,39.348370927318200,44.942412899510500
3,Mykonos,36.399999999999900,216,0.000000000000000,0.000000000000000,0.000000000000000,0.031996587030717,1.817355747387550,3.708396178984410,9.589690884654910,11.983799981271600,20.151397515527900,26.574626574626500,36.258417508417500,30.030572540300100,30.719962298909600,29.368578367270600,33.005464480874300,31.138545953360700,35.179829916672000,47.986422071356300
3,Rio Grande,7.800000000000000,217,0.000000000000000,0.000000000000000,0.000000000000000,0.191979522184300,4.202512371526450,7.086978381096020,8.937465412285550,11.911227643037700,15.288836846213800,25.987675987675900,29.175084175084100,29.233423223350200,24.572114045798200,23.419216921692100,22.525370804059300,23.467912356801200,29.732450785082300,60.414627123524300
3,Tam Hot-Ty,26.000000000000000,218,0.000000000000000,0.000000000000000,0.000000000000000,0.001523647001463,5.907879710696610,7.095025510204080,10.759743853269000,13.482067609326700,16.385580060541700,27.301977301977300,35.197811447811400,37.180272176025500,30.926779313876000,30.925592559255900,31.549570647931300,28.730116413400800,34.241586873165800,51.469910739994200
3,Seri,19.000000000000000,219,0.000000000000000,0.000000000000000,0.000000000000000,0.000000000000000,6.519763743752830,10.256410256410200,15.179065538777700,18.891763992820000,30.729898516783700,46.967054073653000,58.303872053872000,49.172159136027900,44.008958566629300,44.400037178176400,44.434035909445700,47.287490596929000,47.222757749073500,44.340603784486400
3,SV8579TE,26.600000000000000,220,0.000000000000000,0.000000000000000,0.000000000000000,0.000000000000000,4.213993639254880,5.911458333333330,11.518838304552500,14.996722539563600,17.759562841530000,37.779337779337700,42.384667571234700,45.088541253077100,34.038086669665600,37.988044087427600,38.883684621389500,35.948493296163500,40.939956729430400,44.395493283258700
3,Prunus,37.200000000000000,221,0.000000000000000,0.000000000000000,0.000000000000000,0.000000000000000,4.910544347164060,6.650578179989940,13.143331488655200,22.930517838748900,32.096018735362900,59.311259311259300,63.510101010101000,49.544727330186200,48.906454169612000,52.783715958732200,53.325526932084300,48.259370481592700,46.865025812394200,41.959701428139900
3,Mykonos,25.199999999999900,222,0.000000000000000,0.000000000000000,0.000000000000000,0.220928815212092,4.910646675753440,6.390556222488990,11.206419479800700,15.305740237849900,17.825917252146700,37.643807694569100,42.588383838383800,46.376955451441200,39.275539275539200,40.186811133943500,38.996877439500300,38.827339736430600,40.590793222372100,29.329363880858800
3,DRP-8551,14.199999999999900,223,0.000000000000000,0.000000000000000,0.000000000000000,0.000000000000000,5.823110707254270,6.932126696832570,12.230215827338100,16.629160806375900,21.487119437939100,45.682695682695600,54.430970149253700,44.413563090605800,40.933530407214600,41.871921182266000,43.188914910226300,37.877782202752300,41.385515069725500,30.655391120507300
3,Rio Grande,8.199999999999990,224,0.000000000000000,0.000000000000000,0.000000000000000,0.000000000000000,6.663637740421020,8.635817307692300,14.534745829709800,16.970221930892400,25.460577673692400,49.972594158640600,57.815656565656500,46.575586928934000,42.450142450142400,45.513523561669300,48.145979703356700,45.672374883844400,46.387335861020000,36.529030216737800
3,Shorouq,21.800000000000000,225,0.000000000000000,0.000000000000000,0.000000000000000,0.000000000000000,4.736483416628800,7.120934311224490,12.091836734693800,14.362309718628300,17.564402810304400,38.728988728988700,47.646709633649900,48.560708330024600,48.842190947454100,52.215580048570800,52.599531615925000,46.723096063272000,40.892830366514500,35.714285714285700
2,Seri,21.800000000000000,226,0.000000000000000,0.000000000000000,0.000000000000000,0.000000000000000,5.679236710586090,6.246014030612240,12.135346667720700,16.293660455098700,22.724434035909400,39.511392999765000,48.169191919191900,41.328515842134500,40.787867103656500,46.485732874802400,47.728337236533900,43.581359136914600,41.280551806867500,35.343059367326300
2,Mykonos,11.199999999999900,227,0.000000000000000,0.000000000000000,0.000000000000000,0.000000000000000,5.728456762077840,6.716686674669860,14.151316309589600,16.040827792864500,17.743950039032000,25.231075231075200,31.500169606512800,34.443738584928100,26.448600132810600,30.386699047263200,27.494145199063200,25.990434879323700,19.463187884240500,23.144255686726100
2,SV8579TE,29.399999999999900,228,0.000000000000000,0.000000000000000,0.000000000000000,0.000000000000000,5.187036195668630,6.640522875816990,12.376472448414800,17.595280456971600,14.906323185011700,27.900627900627800,34.396200814111200,38.033538090817500,30.902041428357200,36.784087740496300,36.846213895394200,33.953168044077100,31.891695049589700,33.047130057096800
2,Tam Hot-Ty,7.400000000000000,229,0.000000000000000,0.000000000000000,0.000000000000000,0.000000000000000,5.240042404967430,5.391654097536450,11.336864574274600,16.868312469403400,15.523028883684600,26.527826527826500,30.576599326599300,35.656714047486700,26.720647773279300,29.931743174317400,26.838407494145200,28.766759591132300,25.000535526851300,24.321525650429300
2,DRP-8551,17.199999999999900,230,0.003424188467333,0.000000000000000,0.000000000000000,0.000000000000000,4.770558836892320,2.883848852040810,9.182544074630400,14.057964228860300,15.421545667447300,28.575328575328500,31.529850746268600,34.964923469387700,33.395454448086000,36.696719025931700,35.320062451209900,38.838001681490300,32.335111282479700,31.607465382299800
2,Prunus,35.200000000000000,231,0.000000000000000,0.000000000000000,0.000000000000000,0.007618235007314,5.226494099733530,5.055806938159870,11.423827970590500,19.774791647157900,23.856362217017900,45.095745095745000,49.297138047138000,45.244820162357500,39.065612749823200,46.312854354493900,42.369242779078800,46.653319986653300,39.102028575712700,36.664221714055600
2,Rio Grande,15.199999999999900,232,0.000000000000000,0.000000000000000,0.000000000000000,0.000000000000000,5.554293502953200,4.386123680241320,7.704166337259860,8.665254237288130,1.295862607338010,12.493148539660100,17.020202020202000,44.967442229810200,16.016537069168600,17.110031757892700,14.164715066354400,24.190857524190800,19.797356639461900,31.539888682745800
2,Shorouq,46.200000000000000,233,0.000000000000000,0.000000000000000,0.000000000000000,0.000000000000000,5.781462971376640,7.225741578682750,12.432926586907200,17.035771139619800,23.192818110850900,42.251533622091900,52.094640434192600,45.743667116652100,39.783788440003400,43.602565294172300,44.371584699453500,47.061816894552800,39.504744767902600,35.575617506861100
2,Rio Grande,13.400000000000000,234,0.000000000000000,0.000000000000000,0.000000000000000,0.000000000000000,3.649856126003330,4.199679871948780,10.257727883627100,14.463276836158100,17.950819672131100,26.931476931476900,32.319023569023500,36.327006261233600,27.672495477646600,29.831869979450700,23.040593286494900,26.556484800212300,25.542488700383400,25.969955221724600
1,DRP-8551,29.000000000000000,235,0.000000000000000,0.000000000000000,0.000000000000000,0.003047294002925,4.670727065093260,3.407451923076920,10.490580847723700,15.819288062102200,15.101483216237300,26.052026052026000,35.193351424694700,45.069031582689700,33.127691022427800,35.598103913003000,33.247462919594000,37.167573786450700,31.876700297752900,26.965188502094400
1,Seri,33.799999999999900,236,0.000000000000000,0.000000000000000,0.000000000000000,0.001528864970646,6.165877133619070,8.627804487179480,15.084196379160400,17.656147579361300,19.098360655737700,29.014955759141800,35.133989145183100,39.353212101961400,32.885632885632800,33.784793573696900,32.392661982825900,35.477699922144300,32.476490371227200,29.800664451827200
1,Prunus,4.000000000000000,237,0.000000000000000,0.000000000000000,0.000000000000000,0.000000000000000,6.375889747084650,4.541266025641020,9.775476322238910,13.527752523486400,12.177985948477700,30.784680784680700,36.599326599326500,55.977527197649400,29.640340166655900,30.993835232579800,26.288056206088900,35.320146909155200,28.367928367928300,21.081900910010100
1,Shorouq,16.000000000000000,238,0.000000000000000,0.000000000000000,0.000000000000000,0.000000000000000,3.449189762229290,6.279894770408160,11.921891058581700,15.404064050941000,12.970335675253700,24.991224991224900,33.878900949796400,52.671393865176000,29.815992973887700,28.772190724044900,27.466822794691600,28.271162440815900,27.239037765353500,26.531816873020400
1,Torero,17.399999999999900,239,0.000000000000000,0.000000000000000,0.000000000000000,0.000000000000000,4.933363622595790,6.682692307692300,11.597754763222300,15.183615819209000,16.428571428571400,32.440685929058000,38.956228956228900,52.185738108472900,26.655572623314500,26.495423127218300,24.605776736924200,22.775344041771700,25.437525437525400,36.488516539072600
1,SV8579TE,23.199999999999900,240,0.000000000000000,0.000000000000000,0.000000000000000,0.000000000000000,5.198394669089800,6.234288587229760,11.783540200806300,15.294035022005800,12.361436377829800,33.136383136383100,39.140943012211600,44.812817258883200,41.903905061799800,42.122174481599100,37.751756440281000,36.030355325456800,42.792879634984800,36.466849631662500
1,Rio Grande,18.800000000000000,241,0.000000000000000,0.000000000000000,0.000000000000000,0.000000000000000,3.528699076177490,5.446827168367340,9.494821725037550,12.452919020715600,14.793130366900800,28.471473649138600,34.811736770691900,33.832388552015600,30.227277595698600,27.459801096756200,20.003903200624500,25.056167278389500,27.003328213005600,24.549181502823800
1,Tam Hot-Ty,23.399999999999900,242,0.000000000000000,0.000000000000000,0.000000000000000,0.000000000000000,4.274838218500190,7.641056422569020,12.285556170448200,16.360118423199700,15.679156908665100,25.262275262275200,29.242424242424200,38.519415548320400,34.747124220808400,37.034953495349500,29.617486338797800,29.744678968095900,28.113017586701800,26.553623563590300
1,Mykonos,33.399999999999900,243,0.000000000000000,0.000000000000000,0.000000000000000,0.003047294002925,4.251855217325450,8.433493589743590,12.293461933749700,14.540960451977400,13.567525370804000,30.868530868530800,35.303030303030300,42.464067338997800,39.392387779484500,36.187378009108600,37.119437939110000,33.571047720607800,34.181607865818300,28.522529519207200
